published_utc,title,url,source,lang,company,ticker,event_type,confidence
20251210T224500Z,Silver Soars to Unprecedented Heights : A Deep Dive into the Metal Record - Breaking Rally,https://markets.financialcontent.com/stocks/article/marketminute-2025-12-10-silver-soars-to-unprecedented-heights-a-deep-dive-into-the-metals-record-breaking-rally,,English,Apple Inc,AAPL,unknown,0.9
20251210T161500Z,"Silver Historic Ascent : A Confluence of Industrial Demand , Investor Inflows , and a Deepening Deficit Propels Prices Above $60",https://markets.financialcontent.com/stocks/article/marketminute-2025-12-10-silvers-historic-ascent-a-confluence-of-industrial-demand-investor-inflows-and-a-deepening-deficit-propels-prices-above-60,,English,Apple Inc,AAPL,unknown,0.9
20251209T214500Z,"Silver Soars Above $60 Per Ounce for First Time in History , Fueled by Rate Cut Bets and Surging Industrial Demand",https://markets.financialcontent.com/stocks/article/marketminute-2025-12-9-silver-soars-above-60-per-ounce-for-first-time-in-history-fueled-by-rate-cut-bets-and-surging-industrial-demand,,English,Apple Inc,AAPL,unknown,0.9
20251209T201500Z,"Q3 2025 Earnings Showcase Corporate Resilience Amidst AI Boom , But Future Growth Faces Scrutiny",https://markets.financialcontent.com/stocks/article/marketminute-2025-12-9-q3-2025-earnings-showcase-corporate-resilience-amidst-ai-boom-but-future-growth-faces-scrutiny,,English,Apple Inc,AAPL,unknown,0.9
20251209T201500Z,Navigating the Tides : Strategic Investing Ahead of Major Economic Announcements,https://markets.financialcontent.com/stocks/article/marketminute-2025-12-9-navigating-the-tides-strategic-investing-ahead-of-major-economic-announcements,,English,Apple Inc,AAPL,unknown,0.9
20251209T171500Z,Apple iPhone 18 Rumored for Under - Display Camera and Notch - Free Design in 2026,https://www.webpronews.com/apple-iphone-18-rumored-for-under-display-camera-and-notch-free-design-in-2026/,,English,Apple Inc,AAPL,unknown,0.9
20251209T033000Z,"Canadian Reviewer - Reviews , News and Opinion with a Canadian Perspective",https://www.canadianreviewer.com/cr/?currentPage=4858,,English,Apple Inc,AAPL,unknown,0.9
20251208T174500Z,"Worker - bee AGI : Why AWS is betting on practical agents , not  messiah AGI  ",https://siliconangle.com/2025/12/08/worker-bee-agi-aws-betting-practical-agents-not-messiah-agi/,,English,Apple Inc,AAPL,unknown,0.9
20251208T173000Z,Silver Historic Ascent : Industrial Demand and Rate Cut Hopes Fuel Unprecedented Rally,https://markets.financialcontent.com/stocks/article/marketminute-2025-12-8-silvers-historic-ascent-industrial-demand-and-rate-cut-hopes-fuel-unprecedented-rally,,English,Apple Inc,AAPL,unknown,0.9
20251208T154500Z,Apple Executive Exodus : Tim Cook Rumors and Succession Shake - Up,https://www.webpronews.com/apple-executive-exodus-tim-cook-rumors-and-succession-shake-up/,,English,Apple Inc,AAPL,unknown,0.9
20251212T073000Z,Dow Jones Top Company Headlines at 1 AM ET : Behind the Deal That Took Disney From AI Skeptic to OpenAI Investor | Australia ... ,https://www.morningstar.com/news/dow-jones/20251212333/dow-jones-top-company-headlines-at-1-am-et-behind-the-deal-that-took-disney-from-ai-skeptic-to-openai-investor-australia,,English,Tesla,TSLA,unknown,0.9
20251212T070000Z,Aptera to bring solar - powered 3 - wheeled cars to Florida in 2026,https://www.wogx.com/news/aptera-bring-solar-powered-3-wheeled-cars-florida-2026,,English,Tesla,TSLA,positive,0.9
20251212T044500Z,First - time Tesla owner shares what shocked him the most after owning the car for a year :  The more I drive this car … ,https://www.yahoo.com/lifestyle/articles/first-time-tesla-owner-shares-004500765.html,,English,Tesla,TSLA,unknown,0.9
20251212T023000Z,Dow Jones Top Company Headlines at 7 PM ET : Broadcom Shares Sink Despite Record Revenue | Lululemon ... ,https://www.morningstar.com/news/dow-jones/202512119891/dow-jones-top-company-headlines-at-7-pm-et-broadcom-shares-sink-despite-record-revenue-lululemons,,English,Tesla,TSLA,unknown,0.9
20251212T004500Z,ITGR BREAKING NEWS : Integer Holdings Corporation Lowered Sales Outlook Triggers Securities Fraud Cla,https://www.pharmiweb.com/press-release/2025-12-11/itgr-breaking-news-integer-holdings-corporation-lowered-sales-outlook-triggers-securities-fraud-cla,,English,Tesla,TSLA,unknown,0.9
20251212T000000Z,Spec Mansion Topped Austin Contracts Last Week,https://therealdeal.com/texas/austin/2025/12/11/spec-mansion-topped-austin-contracts-last-week/,,English,Tesla,TSLA,unknown,0.9
20251212T000000Z,Future EVs : Every Electric Vehicle Coming Soon,https://autos.yahoo.com/ev-and-future-tech/articles/every-electric-vehicle-thats-coming-183000273.html,,English,Tesla,TSLA,unknown,0.9
20251211T234500Z,ITGR INVESTOR NOTICE : Integer Holdings Corporation Stock Dropped 32 % after Lowered Sales Outlook ; Contact BFA Law about the Pending Securities Class Action,https://portal.sina.com.hk/finance/finance-globenewswire/globenewswire/2025/12/11/1406780/itgr-investor-notice-integer-holdings-corporation-stock-dropped-32-after-lowered-sales-outlook-contact-bfa-law-about-the-pending-securities-class-action/,,English,Tesla,TSLA,unknown,0.9
20251211T230000Z,US Stocks Face  Lost Decade  Warning : A Deep Dive into the Long - Term Outlook,https://markets.financialcontent.com/stocks/article/marketminute-2025-12-11-us-stocks-face-lost-decade-warning-a-deep-dive-into-the-long-term-outlook,,English,Tesla,TSLA,unknown,0.9
20251211T230000Z,Is the Bull Roaring Towards a Cliff ? US Stock Valuations Spark Correction Fears,https://markets.financialcontent.com/stocks/article/marketminute-2025-12-11-is-the-bull-roaring-towards-a-cliff-us-stock-valuations-spark-correction-fears,,English,Tesla,TSLA,unknown,0.9
20251211T230000Z,The Great Rotation : Investors Pivot from AI Hype to Broader Market Fundamentals,https://markets.financialcontent.com/stocks/article/marketminute-2025-12-11-the-great-rotation-investors-pivot-from-ai-hype-to-broader-market-fundamentals,,English,Tesla,TSLA,unknown,0.9
20251211T224500Z,QYLD Turns Mag 7 Tech Stocks Into an 11 % Dividend Yield,https://finance.yahoo.com/news/qyld-turns-mag-7-tech-144819773.html,,English,Tesla,TSLA,unknown,0.9
20251211T201500Z,Latest Articles,https://freerepublic.com/tag/*/index?more=4356951,,English,Tesla,TSLA,unknown,0.5
20251211T200000Z,Q3 2025 Earnings Season : AI Fuels Growth Amidst Cautious Consumer and Shifting Monetary Tides,https://markets.financialcontent.com/stocks/article/marketminute-2025-12-11-q3-2025-earnings-season-ai-fuels-growth-amidst-cautious-consumer-and-shifting-monetary-tides,,English,Tesla,TSLA,unknown,0.9
20251211T193000Z,The Kia EV Lineup For 2026 Looks Like This,https://carbuzz.com/kia-electric-lineup-for-2026/,,English,Tesla,TSLA,unknown,0.9
20251211T191500Z,DHL adds Tesla Semi to California fleet,https://www.utilitydive.com/news/dhl-adds-tesla-semi-to-california-fleet/807673/,,English,Tesla,TSLA,unknown,0.9
20251211T151500Z,Silver Electrifying Ascent : A Deep Dive into the White Metal Record - Breaking Rally,https://markets.financialcontent.com/stocks/article/marketminute-2025-12-11-silvers-electrifying-ascent-a-deep-dive-into-the-white-metals-record-breaking-rally,,English,Tesla,TSLA,unknown,0.9
20251211T140000Z,"Samsung SDI first LFP contract , Trina 1GWh+ Lightshift deal",https://www.energy-storage.news/us-bess-deals-samsung-sdis-first-lfp-contract-trinas-1gwh-agreement-with-lightshift/,,English,Tesla,TSLA,unknown,0.9
20251211T133000Z,The emerging power of bidirectional EV charging,https://www.pv-magazine.com/press-releases/the-emerging-power-of-bidirectional-ev-charging/,,English,Tesla,TSLA,unknown,0.9
20251211T113000Z,How Batteries Could Play a Role in Data Center Rollouts,https://insideclimatenews.org/news/11122025/data-center-battery-storage/,,English,Tesla,TSLA,unknown,0.9
20251211T053000Z,Spotlight Asia Shaun Pham Named Male Icon – Businessman of the Year 2025 by Men Folio Vietnam,https://whatech.com/asia-pacific-news/1007344-spotlight-asia-s-shaun-pham-named-male-icon-businessman-of-the-year-2025-by-men-s-folio-vietnam.html,,English,Tesla,TSLA,unknown,0.9
20251211T050000Z,Elon Musk space data centres : Is moonshot idea simply talk ? ,https://www.watoday.com.au/business/companies/master-of-the-universe-musk-wants-to-take-data-centres-to-space-20251211-p5nmx4.html,,English,Tesla,TSLA,unknown,0.9
20251211T031500Z,Year in Review : Four Penn alumni who stepped into the national spotlight in 2025,https://www.thedp.com/article/2025/12/penn-alumni-news-controversies-2025-trump-mangione-luigi-musk-charlie-javice,,English,Tesla,TSLA,unknown,0.9
20251210T233000Z,"KMX LEGAL REMINDER : CarMax , Inc . Class Action Deadline January 2 - ... ",https://www.pr-inside.com/kmx-legal-reminder-carmax-inc-class-action-deadline-january-r5156505.htm,,English,Tesla,TSLA,unknown,0.9
20251210T233000Z,Australia EV Story is No Longer a One - Brand Narrative : The Middle Market is Taking Over,https://www.energymatters.com.au/renewable-news/australias-ev-story-is-no-longer-a-one-brand-narrative-the-middle-market-is-taking-over/,,English,Tesla,TSLA,unknown,0.9
20251210T233000Z,"SNPS LEGAL REMINDER : Synopsys , Inc . Class Action Deadline December ... ",https://www.pr-inside.com/snps-legal-reminder-synopsys-inc-class-action-deadline-december-r5156508.htm,,English,Tesla,TSLA,unknown,0.9
20251210T233000Z,MLTX LEGAL REMINDER : MoonLake Immunotherapeutics Class Action Deadline ... ,https://www.pr-inside.com/mltx-legal-reminder-moonlake-immunotherapeutics-class-action-deadline-r5156507.htm,,English,Tesla,TSLA,unknown,0.9
20251210T233000Z,"LRN LEGAL REMINDER : Stride , Inc . Class Action Deadline January 12 - ... ",https://www.pr-inside.com/lrn-legal-reminder-stride-inc-class-action-deadline-january-r5156506.htm,,English,Tesla,TSLA,unknown,0.9
20251210T230000Z,US Stock Market Rides High : Fed Rate Cut Fuels Optimism as Indices Eye Record Peaks,https://markets.financialcontent.com/stocks/article/marketminute-2025-12-10-us-stock-market-rides-high-fed-rate-cut-fuels-optimism-as-indices-eye-record-peaks,,English,Tesla,TSLA,unknown,0.9
20251210T224500Z,Sonoma receives Charging Smart Silver designation for EV readiness,https://www.pressdemocrat.com/2025/12/10/sonoma-receives-charging-smart-silver-designation-for-ev-readiness/,,English,Tesla,TSLA,unknown,0.9
20251210T223000Z,S & P 500 Defies Gravity : Near Record Highs Amidst Dovish Fed and Economic Crosscurrents,https://markets.financialcontent.com/stocks/article/marketminute-2025-12-10-s-and-p-500-defies-gravity-near-record-highs-amidst-dovish-fed-and-economic-crosscurrents,,English,Tesla,TSLA,unknown,0.9
20251210T203000Z,The Latest : Judge orders Trump to end California National Guard deployment in Los Angeles,https://www.reflector.com/news/national/the-latest-judge-orders-trump-to-end-california-national-guard-deployment-in-los-angeles/article_db120b15-6f0b-5654-8ff2-8c3d1ed9a49b.html,,English,Tesla,TSLA,unknown,0.9
20251210T191500Z,Sonoma receives Charging Smart Silver designation for EV readiness,https://www.sonomanews.com/2025/12/10/sonoma-receives-charging-smart-silver-designation-for-ev-readiness/,,English,Tesla,TSLA,unknown,0.9
20251210T171500Z,The Latest : Judge orders Trump to end California National Guard deployment in Los Angeles,https://www.idahostatejournal.com/news/national/the-latest-judge-orders-trump-to-end-california-national-guard-deployment-in-los-angeles/article_fa7c94c2-3596-524e-b574-60d6c4487788.html,,English,Tesla,TSLA,unknown,0.9
20251210T161500Z,Markets Brace for Anticipated Fed Rate Cut Amidst Shifting Economic Landscape,https://markets.financialcontent.com/stocks/article/marketminute-2025-12-10-markets-brace-for-anticipated-fed-rate-cut-amidst-shifting-economic-landscape,,English,Tesla,TSLA,unknown,0.9
20251210T161500Z,Silver Shines Brighter : Industrial Demand and Rate Cut Hopes Propel White Metal Past Gold to Record Highs,https://markets.financialcontent.com/stocks/article/marketminute-2025-12-10-silver-shines-brighter-industrial-demand-and-rate-cut-hopes-propel-white-metal-past-gold-to-record-highs,,English,Tesla,TSLA,unknown,0.9
20251210T161500Z,S & P 500 Concentrated Gains Mask Broader Flatness While Roblox Navigates Bullish Analyst Sentiment,https://markets.financialcontent.com/stocks/article/marketminute-2025-12-10-s-and-p-500s-concentrated-gains-mask-broader-flatness-while-roblox-navigates-bullish-analyst-sentiment,,English,Tesla,TSLA,unknown,0.9
20251210T154500Z,"Trucking Efficiency Roundup : Rizon expands U . S . dealership network , while DHL and Dragonfly Energy advance fleet electrification and off - grid power",https://www.fleetowner.com/emissions-efficiency/news/55337259/trucking-efficiency-roundup-rizon-expands-us-dealership-network-while-dhl-and-dragonfly-energy-advance-fleet-electrification-and-off-grid-power,,English,Tesla,TSLA,unknown,0.9
20251210T154500Z,Firm Rebuilds After Musk Pay Lawsuit Success,https://www.jdjournal.com/2025/12/10/firm-rebuilds-after-musk-pay-lawsuit-success/,,English,Tesla,TSLA,negative,0.9
20251210T154500Z,EU unveils another plan to roll back green rules,https://www.politico.eu/article/brussels-confirms-another-plan-to-roll-back-green-rules/,,English,Tesla,TSLA,unknown,0.9
20251210T151500Z,Musk says he wouldnt do DOGE again if given the chance,https://www.washingtonexaminer.com/news/white-house/3912955/elon-musk-would-not-do-doge-again-katie-miller-interview/,,English,Tesla,TSLA,unknown,0.9
20251210T143000Z,2025 Volkswagen ID . Buzz Pro LWB review,https://www.drive.com.au/reviews/2025-volkswagen-id-buzz-pro-lwb-review/,,English,Tesla,TSLA,unknown,0.9
20251210T143000Z,"Futures Flat With Fed Rate Cut , Oracle Earnings On Deck",https://www.zerohedge.com/markets/futures-flat-fed-rate-cut-oracle-earnings-deck,,English,Tesla,TSLA,unknown,0.9
20251210T120000Z,A Starlink - Powered Mobile Network Just Got Out of Beta - Is the Tesla Pi - Phone Not Far Behind ? ,https://www.ibtimes.co.uk/starlink-powered-mobile-network-just-got-out-beta-tesla-pi-phone-not-far-behind-1761878,,English,Tesla,TSLA,unknown,0.9
20251210T060000Z,Baystreet . ca - Landmark Deal Gives North America Its First Heavy Rare Earth Refinery,http://baystreet.ca/articles/commodities/116979/Landmark-Deal-Gives-North-America-Its-First-Heavy-Rare-Earth-Refinery,,English,Tesla,TSLA,unknown,0.9
20251210T024500Z,"Netflix , Tesla downgraded : Wall Street top analyst calls",https://finance.yahoo.com/news/netflix-tesla-downgraded-wall-streets-144549637.html,,English,Tesla,TSLA,unknown,0.9
20251210T021500Z,Spotlight Asia Shaun Pham Named Male Icon - Businessman of the Year 2025 by Men Folio Vietnam,https://www.manilatimes.net/2025/12/10/tmt-newswire/media-outreach-newswire/spotlight-asias-shaun-pham-named-male-icon-businessman-of-the-year-2025-by-mens-folio-vietnam/2240401,,English,Tesla,TSLA,unknown,0.9
20251210T020000Z,Dont Buy the AI Boom . Buy the Power Plant Next Door . ,https://oilprice.com/Energy/Energy-General/Dont-Buy-the-AI-Boom-Buy-the-Power-Plant-Next-Door.html,,English,Tesla,TSLA,unknown,0.9
20251210T014500Z,2000s American Concept Cars : The Best and Worst of Retro - Futuristic Designs,https://carbuzz.com/american-concept-cars-good-bad-2000s/,,English,Tesla,TSLA,unknown,0.9
20251210T014500Z,"Burning Questions for 2026 : Industry , AI , Geopolitics and the Future of Manufacturing",https://www.industryweek.com/leadership/strategic-planning-execution/article/55337348/burning-questions-for-2026-industry-ai-geopolitics-and-the-future-of-manufacturing,,English,Tesla,TSLA,unknown,0.9
20251210T014500Z,Ottawa weak EV targets could stall BC transition,https://www.niagarafallsreview.ca/news/canada/ottawas-weak-ev-targets-could-stall-bcs-transition/article_2d905253-1ec6-5660-aa6b-382d25f63099.html,,English,Tesla,TSLA,unknown,0.9
20251210T001500Z,Elon Musk Mission to Mars,https://www.wired.com/2012/10/ff-elon-musk-qa/,,English,Tesla,TSLA,unknown,0.9
20251209T234500Z,Used EVs can be great deals with low mileage,https://myedmondsnews.com/2025/12/used-evs-can-be-great-deals-with-low-mileage/,,English,Tesla,TSLA,unknown,0.9
20251209T230000Z,Manufacturing Renaissance Fuels Job Market Amidst Shifting Sands,https://markets.financialcontent.com/stocks/article/marketminute-2025-12-9-manufacturing-renaissance-fuels-job-market-amidst-shifting-sands,,English,Tesla,TSLA,unknown,0.9
20251209T224500Z,"Growth Stocks Maintain Dominance in S & P 500 Amidst AI Enthusiasm , Sparking Market Concentration Concerns",https://markets.financialcontent.com/stocks/article/marketminute-2025-12-9-growth-stocks-maintain-dominance-in-s-and-p-500-amidst-ai-enthusiasm-sparking-market-concentration-concerns,,English,Tesla,TSLA,unknown,0.9
20251209T224500Z,Value Stocks Lag Growth in S & P 500 : A Deep Dive into Market Dynamics,https://markets.financialcontent.com/stocks/article/marketminute-2025-12-9-value-stocks-lag-growth-in-s-and-p-500-a-deep-dive-into-market-dynamics,,English,Tesla,TSLA,unknown,0.9
20251209T211500Z,Top Energy Stocks To Consider – December 9th,https://www.themarketsdaily.com/2025/12/09/top-energy-stocks-to-consider-december-9th.html,,English,Tesla,TSLA,unknown,0.9
20251209T210000Z,"KMX SHAREHOLDER NEWS : Did CarMax , Inc . Mislead Investors ? Contact BFA ... ",https://www.pr-inside.com/kmx-shareholder-news-did-carmax-inc-mislead-investors-contact-bfa-r5156302.htm,,English,Tesla,TSLA,unknown,0.9
20251209T210000Z,JHX SHAREHOLDER NEWS : Did James Hardie Industries plc Mislead Investors ? ... ,https://www.pr-inside.com/jhx-shareholder-news-did-james-hardie-industries-plc-mislead-investors-r5156301.htm,,English,Tesla,TSLA,unknown,0.9
20251209T210000Z,"ARE SHAREHOLDER NEWS : Did Alexandria Real Estate Equities , Inc . Mislead ... ",https://www.pr-inside.com/are-shareholder-news-did-alexandria-real-estate-equities-inc-mislead-r5156297.htm,,English,Tesla,TSLA,unknown,0.9
20251209T210000Z,"SNPS SHAREHOLDER NEWS : Did Synopsys , Inc . Mislead Investors ? Contact ... ",https://www.pr-inside.com/snps-shareholder-news-did-synopsys-inc-mislead-investors-contact-r5156305.htm,,English,Tesla,TSLA,unknown,0.9
20251209T210000Z,"INSP SHAREHOLDER NEWS : Did Inspire Medical Systems , Inc . Mislead Investors ? ... ",https://www.pr-inside.com/insp-shareholder-news-did-inspire-medical-systems-inc-mislead-investors-r5156299.htm,,English,Tesla,TSLA,unknown,0.9
20251209T210000Z,MLTX SHAREHOLDER NEWS : Did MoonLake Immunotherapeutics Mislead Investors ? ... ,https://www.pr-inside.com/mltx-shareholder-news-did-moonlake-immunotherapeutics-mislead-investors-r5156304.htm,,English,Tesla,TSLA,unknown,0.9
20251209T210000Z,"LRN SHAREHOLDER NEWS : Did Stride , Inc . Mislead Investors ? Contact BFA ... ",https://www.pr-inside.com/lrn-shareholder-news-did-stride-inc-mislead-investors-contact-bfa-r5156303.htm,,English,Tesla,TSLA,unknown,0.9
20251209T210000Z,FCX SHAREHOLDER NEWS : Did Freeport - McMoRan Inc . Mislead Investors ? ... ,https://www.pr-inside.com/fcx-shareholder-news-did-freeport-mcmoran-inc-mislead-investors-r5156298.htm,,English,Tesla,TSLA,unknown,0.9
20251209T203000Z,"Galax man charged after crashing into state police vehicle , injuring trooper , police say",https://wset.com/news/local/galax-man-charged-after-crashing-into-vsp-vehicle-injuring-state-trooper-police-say-gage-grier-training-center-road-icy-road-conditions-reckless-driving-december-2025,,English,Tesla,TSLA,unknown,0.9
20251209T200000Z,"FTSE 100 Live : London stocks drift , Unilever and WPP gain , Tesco loses",https://www.proactiveinvestors.co.uk/companies/news/1084025/ftse-100-live-london-stocks-drift-unilever-and-wpp-gain-tesco-loses-1084025.html,,English,Tesla,TSLA,unknown,0.9
20251209T200000Z,"Tesla Electrifying Ascent : AI , Robotics , and Energy Drive Historic Stock Rally",https://markets.financialcontent.com/stocks/article/marketminute-2025-12-9-teslas-electrifying-ascent-ai-robotics-and-energy-drive-historic-stock-rally,,English,Tesla,TSLA,unknown,0.9
20251209T180000Z,"Renew & Restore Exterior Cleaning , LLC Expands Premium Power",https://www.openpr.com/news/4308246/renew-restore-exterior-cleaning-llc-expands-premium-power,,English,Tesla,TSLA,unknown,0.9
20251209T171500Z,"Tesla Launches €37 , 990 Budget Model 3 in Europe to Counter Sales Dip",https://www.webpronews.com/tesla-launches-e37990-budget-model-3-in-europe-to-counter-sales-dip/,,English,Tesla,TSLA,unknown,0.9
20251209T163000Z,Electric Heat Pumps Prevail Despite Fickle Federal Energy Policy,https://cleantechnica.com/2025/12/09/heat-pumps-prevail-despite-fickle-federal-policy/,,English,Tesla,TSLA,unknown,0.9
20251209T050000Z,The Second - Hand EV Wave Is Coming And It Will Change Everything,https://www.energymatters.com.au/renewable-news/the-second-hand-ev-wave-is-coming-and-it-will-change-everything/,,English,Tesla,TSLA,unknown,0.9
20251209T043000Z,Connie Chung bares fangs at husband over Bari Weiss CBS changes,https://newsbusters.org/blogs/nb/brent-baker/2025/12/08/washington-examiners-liberal-media-scream-mrcs-assessment,,English,Tesla,TSLA,unknown,0.9
20251209T014500Z,Connie Chung bares fangs at husband over Bari Weiss CBS changes,https://www.newsbusters.org/blogs/nb/brent-baker/2025/12/08/washington-examiners-liberal-media-scream-mrcs-assessment,,English,Tesla,TSLA,unknown,0.9
20251209T011500Z,Tesla Shares Drop 4 % After Morgan Stanley Downgrade on Valuation Risks,https://www.webpronews.com/tesla-shares-drop-4-after-morgan-stanley-downgrade-on-valuation-risks/,,English,Tesla,TSLA,unknown,0.9
20251209T011500Z,Zoox to Launch Commercial Robotaxi Rides in 2026 with Focus on Passengers,https://www.el-balad.com/6789487,,English,Tesla,TSLA,unknown,0.9
20251209T011500Z,Gartner Predicts 90 % Drop in Automotive AI Investments by 2029,https://www.webpronews.com/gartner-predicts-90-drop-in-automotive-ai-investments-by-2029/,,English,Tesla,TSLA,unknown,0.9
20251209T011500Z,Tesla vs Audi : Rivalry Fuels EV Innovation and Green Future,https://www.webpronews.com/tesla-vs-audi-rivalry-fuels-ev-innovation-and-green-future/,,English,Tesla,TSLA,unknown,0.9
20251208T230000Z,"2027 Mercedes - Benz GLB Revealed , Hybrid to Follow",https://www.thetruthaboutcars.com/cars/news-blog/2027-mercedes-benz-glb-revealed-hybrid-to-follow-45132700,,English,Tesla,TSLA,unknown,0.9
20251208T220000Z,Tesla Shares Slip After Morgan Stanley Downgrade,https://oilprice.com/Energy/Energy-General/Tesla-Shares-Slip-After-Morgan-Stanley-Downgrade.html,,English,Tesla,TSLA,unknown,0.9
20251208T210000Z,JHX STOCK NEWS : James Hardie Industries plc Destocking Issues and CFO ... ,https://www.pr-inside.com/jhx-stock-news-james-hardie-industries-plc-destocking-issues-and-cfo-r5156077.htm,,English,Tesla,TSLA,unknown,0.9
20251208T164500Z,Morgan Stanley Downgrades Tesla as AI Growth Expectations Rise,http://www.econotimes.com/Morgan-Stanley-Downgrades-Tesla-as-AI-Growth-Expectations-Rise-1728040,,English,Tesla,TSLA,unknown,0.9
20251208T163000Z,Tech Titan Shock Downgrade Rattles  Magnificent Seven  as Yardeni Calls for Market Rebalancing,https://markets.financialcontent.com/stocks/article/marketminute-2025-12-8-tech-titans-shock-downgrade-rattles-magnificent-seven-as-yardeni-calls-for-market-rebalancing,,English,Tesla,TSLA,unknown,0.9
20251208T163000Z,Cautious Start to the Week : Dow Dips as Market Awaits Fed Next Move,https://markets.financialcontent.com/stocks/article/marketminute-2025-12-8-cautious-start-to-the-week-dow-dips-as-market-awaits-feds-next-move,,English,Tesla,TSLA,unknown,0.9
20251208T154500Z,US Universities See Surge in AI Majors Amid Job Boom and Challenges,https://www.webpronews.com/us-universities-see-surge-in-ai-majors-amid-job-boom-and-challenges/,,English,Tesla,TSLA,unknown,0.9
20251208T154500Z,Autonomous Vehicles Surge in 2025 : Market to Reach $668B by 2033,https://www.webpronews.com/autonomous-vehicles-surge-in-2025-market-to-reach-668b-by-2033/,,English,Tesla,TSLA,unknown,0.9
20251208T154500Z,Trump Tariffs Are Raising Car Prices As Automakers Pass Increased Costs Onto Buyers,https://autos.yahoo.com/policy-and-environment/articles/trumps-tariffs-raising-car-prices-151038909.html,,English,Tesla,TSLA,unknown,0.9
20251208T153000Z,Holding billionaire class accountable,https://www.smdailyjournal.com/opinion/columnists/holding-billionaire-class-accountable/article_b089193b-f5e7-4d2f-9bc9-ab889a978dfa.html,,English,Tesla,TSLA,unknown,0.9
20251208T153000Z,Futures Rise For 10th Day In Past 11 With Fed Rate Cut Looming,https://www.zerohedge.com/markets/futures-rise-10th-day-past-11-fed-rate-cut-looming,,English,Tesla,TSLA,unknown,0.9
20251208T080000Z,A broad slowdown is gipping China economy and the pressure is building,https://www.livemint.com/economy/china-economy-slowdown-manufacturing-investment-consumer-confidence-11765123288518.html,,English,Tesla,TSLA,unknown,0.9
20251208T050000Z,"How Tesla Growth Stacks Up Against Amazon , Apple and Nvidia",https://finance.yahoo.com/news/tesla-growth-stacks-against-amazon-043605534.html,,English,Tesla,TSLA,unknown,0.9
20251208T040000Z,These Were The 10 Biggest EV Battery Developments In 2025,https://news.metal.com/newscontent/103658752/these-were-the-10-biggest-ev-battery-developments-in-2025,,English,Tesla,TSLA,unknown,0.9
20251208T010000Z,"EV , Battery & Charging News : Electrify America , Simon , Hyundai Motor Group , Air Liquide , SparkCharge , MassCEC , Zipcar & EVgo",https://www.autoconnectedcar.com/2025/12/ev-battery-charging-news-electrify-america-simon-hyundai-motor-group-air-liquide-sparkcharge-masscec-zipcar-evgo/,,English,Tesla,TSLA,unknown,0.9
20251207T220000Z,SpaceX $800 Valuation and 2026 IPO to Fund AI Data Centers in Space,https://www.nextbigfuture.com/2025/12/spacex-800-valuation-and-2026-ipo-to-fund-ai-data-centers-in-space.html,,English,Tesla,TSLA,unknown,0.9
20251207T213000Z,Citadel Ignites War Over  Shadow  Stock Markets,https://techstory.in/wall-street-giant-vs-crypto-rebels-citadel-ignites-war-over-shadow-stock-markets/,,English,Tesla,TSLA,unknown,0.9
20251207T200000Z,"Loveland Business Calendar for Dec . 7 , 2025",https://www.reporterherald.com/2025/12/07/loveland-business-calendar-for-dec-7-2025/,,English,Tesla,TSLA,unknown,0.9
20251207T190000Z,New Mercedes CLA vs Model 3 and MG : Can anyone topple Tesla ? ,https://autos.yahoo.com/new-vehicles-and-reviews/articles/mercedes-cla-vs-model-3-172234987.html,,English,Tesla,TSLA,unknown,0.9
20251207T180000Z,Here why these $9 flashlights are my favorite purchase of 2025,https://www.howtogeek.com/heres-why-these-9-flashlights-are-my-favorite-purchase-of-2025/,,English,Tesla,TSLA,unknown,0.9
20251207T163000Z,Zeekr Enters Germany - CleanTechnica,https://cleantechnica.com/2025/12/07/zeekr-enters-germany/,,English,Tesla,TSLA,unknown,0.9
20251207T151500Z,Drivers face staggering fines amid government U - turn on popular traffic law :  Some people are … in for a rude awakening  ,https://www.yahoo.com/news/articles/drivers-face-staggering-fines-amid-232500101.html,,English,Tesla,TSLA,unknown,0.9
20251207T150000Z,Ford Lion Diesel Engine In The F - 150 Was An Underrated Engine That Deserved Better,https://www.jalopnik.com/2041491/ford-lion-diesel-f-150-underrated-deserved-better/,,English,Tesla,TSLA,unknown,0.9
20251207T041500Z,Could Manila  Dalaray  be the Tesla of the tides ? ,https://gulfnews.com/business/energy/could-manilas-dalaray-be-the-tesla-of-the-tides-1.500371554,,English,Tesla,TSLA,unknown,0.9
20251207T031500Z,"Court decision could force Tesla to surrender over $25 billion to Elon Musk :  Without question , you are hurting the shareholders  ",https://finance.yahoo.com/news/court-decision-could-force-tesla-024500287.html,,English,Tesla,TSLA,unknown,0.9
20251207T023000Z,Time to Stop Pretending Renewables Are Cheap,https://wattsupwiththat.com/2025/12/06/time-to-stop-pretending-renewables-are-cheap/,,English,Tesla,TSLA,positive,0.9
20251207T020000Z,"Waymo Robotaxis Ignore School Bus Lights , Prompt NHTSA Probe and Recall",https://www.webpronews.com/waymo-robotaxis-ignore-school-bus-lights-prompt-nhtsa-probe-and-recall/,,English,Tesla,TSLA,unknown,0.9
20251207T020000Z,"Apple Intelligence : AI Integration in iOS , iPadOS , macOS and Tech Trends to 2025",https://www.webpronews.com/apple-intelligence-ai-integration-in-ios-ipados-macos-and-tech-trends-to-2025/,,English,Tesla,TSLA,unknown,0.9
20251207T020000Z,Aptera Motors Nasdaq Debut Boosts Solar EV Production Plans,https://www.webpronews.com/aptera-motors-nasdaq-debut-boosts-solar-ev-production-plans/,,English,Tesla,TSLA,positive,0.9
20251207T011500Z,Lead poisoning in Ogun : Factories cause health crisis,https://punchng.com/harvest-of-birth-defects-sudden-deaths-as-ogun-factories-lead-poisoning-spread/,,English,Tesla,TSLA,unknown,0.9
20251205T111500Z,3 Stocks Poised to Benefit From Google AI Breakthough,https://finance.yahoo.com/news/3-stocks-poised-benefit-google-232200138.html,,English,Tesla,TSLA,unknown,0.9
20251205T111500Z,Enphase Energy ( ENPH ) Outlook Gains Attention Amid Mixed Analyst Views,https://finance.yahoo.com/news/enphase-energy-enph-outlook-gains-042944773.html,,English,Tesla,TSLA,unknown,0.9
20251205T093000Z,"Trump returns to gasoline as fuel of choice for cars , gutting Biden climate policy",https://www.timesfreepress.com/news/2025/dec/04/trump-returns-to-gasoline-as-fuel-of-choice-for/,,English,Tesla,TSLA,unknown,0.9
20251212T074500Z,AI kid toys give explicit and dangerous responses in tests – NBC Bay Area,https://www.nbcbayarea.com/news/national-international/ai-kids-toys-explicit-dangerous-responses-tests/3995630/,,English,Amazon,AMZN,unknown,0.9
20251212T073000Z,AI kid toys give explicit and dangerous responses in tests – NBC Los Angeles,https://www.nbclosangeles.com/news/national-international/ai-kids-toys-explicit-dangerous-responses-tests/3814916/,,English,Amazon,AMZN,unknown,0.9
20251212T070000Z,Understanding our imperial president triumphal architecture – Baptist News Global,https://baptistnews.com/article/understanding-our-imperial-presidents-triumphal-architecture/,,English,Amazon,AMZN,unknown,0.9
20251212T070000Z,AI kid toys give explicit and dangerous responses in tests – NBC 6 South Florida,https://www.nbcmiami.com/news/national-international/ai-kids-toys-explicit-dangerous-responses-tests/3733296/,,English,Amazon,AMZN,unknown,0.9
20251212T070000Z,Amazon settlement explained : Do I qualify for a refund ? ,https://www.wdsu.com/article/amazon-ftc-settlement-explained-automatic-refund-do-i-qualify-prime-benefits/69689989,,English,Amazon,AMZN,unknown,0.9
20251212T070000Z,How to Help Delivery Drivers in West Michigan This December,https://wgrd.com/ixp/44/p/package-delivery-tips-west-michigan/,,English,Amazon,AMZN,unknown,0.9
20251212T063000Z,AI kid toys give explicit and dangerous responses in tests – NBC4 Washington,https://www.nbcwashington.com/news/national-international/ai-kids-toys-explicit-dangerous-responses-tests/4027578/,,English,Amazon,AMZN,unknown,0.9
20251212T061500Z,Google forum in downtown Fort Wayne fails to provide answers that data center opponents seek,https://www.journalgazette.net/local/google-forum-in-downtown-fort-wayne-fails-to-provide-answers-that-data-center-opponents-seek/article_f6ee6928-3f1c-4d4f-962a-6e7b08a19239.html,,English,Amazon,AMZN,unknown,0.9
20251212T060000Z,2025 Christmas car gifts that petrolheads will actually want,https://www.t3.com/auto/2025-christmas-car-gifts-that-petrolheads-will-actually-want,,English,Amazon,AMZN,unknown,0.9
20251212T051500Z,Aero - News Network : The aviation and aerospace world daily / real - time news and information service,https://aero-news.net:443/subscribe.cfm?do=main.archive&year=2025&month=12&day=12,,English,Amazon,AMZN,unknown,0.9
20251212T051500Z,Amazon settlement explained : Do I qualify for a refund ? ,https://www.wgal.com/article/amazon-ftc-settlement-explained-automatic-refund-do-i-qualify-prime-benefits/69689989,,English,Amazon,AMZN,unknown,0.9
20251212T051500Z,"Invincible VS Launches April 30 , 2026 for PS5 , Xbox Series , and PC",https://www.vgchartz.com/article/466542/invincible-vs-launches-april-30-2026-for-ps5-xbox-series-and-pc/,,English,Amazon,AMZN,unknown,0.9
20251212T051500Z,New Forest Wildlife Park  matriarch  giant otter dies age 18,https://www.dailyecho.co.uk/news/25690628.new-forest-wildlife-park-matriarch-giant-otter-dies-age-18/,,English,Amazon,AMZN,unknown,0.9
20251212T050000Z,AI kid toys give explicit and dangerous responses in tests – NBC Chicago,https://www.nbcchicago.com/news/national-international/ai-kids-toys-explicit-dangerous-responses-tests/3862070/,,English,Amazon,AMZN,unknown,0.9
20251212T050000Z,Amazon settlement explained : Do I qualify for a refund ? ,https://www.wapt.com/article/amazon-ftc-settlement-explained-automatic-refund-do-i-qualify-prime-benefits/69689989,,English,Amazon,AMZN,unknown,0.9
20251212T050000Z,AI kid toys give explicit and dangerous responses in tests – NBC Connecticut,https://www.nbcconnecticut.com/news/national-international/ai-kids-toys-explicit-dangerous-responses-tests/3674340/,,English,Amazon,AMZN,unknown,0.9
20251212T044500Z,"Can Trump legally charge $100 , 000 for H - 1B visas ? Legal fight moves closer to a ruling",https://economictimes.indiatimes.com/nri/work/h1b-visa-can-trump-legally-charge-100000-legal-fight-moves-closer-to-a-ruling/articleshow/125924666.cms,,English,Amazon,AMZN,unknown,0.9
20251212T044500Z,RCC receives $24 million donation from philanthropist MacKenzie Scott,https://www.robesonian.com/news/335958/rcc-receives-24-million-donation-from-philanthropist-mackenzie-scott,,English,Amazon,AMZN,unknown,0.9
20251212T044500Z,AI kid toys give explicit and dangerous responses in tests – NBC 5 Dallas - Fort Worth,https://www.nbcdfw.com/news/national-international/ai-kids-toys-explicit-dangerous-responses-tests/3955058/,,English,Amazon,AMZN,unknown,0.9
20251212T041500Z,"Renewable energy boomed in 2025 , but so did fossil fuels",https://www.eco-business.com/news/renewable-energy-boomed-in-2025-but-so-did-fossil-fuels/,,English,Amazon,AMZN,positive,0.9
20251212T041500Z,Amazon settlement explained : Do I qualify for a refund ? ,https://www.wjcl.com/article/amazon-ftc-settlement-explained-automatic-refund-do-i-qualify-prime-benefits/69689989,,English,Amazon,AMZN,unknown,0.9
20251212T040000Z,Amazon settlement explained : Do I qualify for a refund ? ,https://www.wcvb.com/article/amazon-ftc-settlement-explained-automatic-refund-do-i-qualify-prime-benefits/69689989,,English,Amazon,AMZN,unknown,0.9
20251212T034500Z,Amazon settlement explained : Do I qualify for a refund ? ,https://www.wtae.com/article/amazon-ftc-settlement-explained-automatic-refund-do-i-qualify-prime-benefits/69689989,,English,Amazon,AMZN,unknown,0.9
20251212T034500Z,Amazon settlement explained : Do I qualify for a refund ? ,https://www.ksbw.com/article/amazon-ftc-settlement-explained-automatic-refund-do-i-qualify-prime-benefits/69689989,,English,Amazon,AMZN,unknown,0.9
20251212T034500Z,Amazon settlement explained : Do I qualify for a refund ? ,https://www.wyff4.com/article/amazon-ftc-settlement-explained-automatic-refund-do-i-qualify-prime-benefits/69689989,,English,Amazon,AMZN,unknown,0.9
20251212T033000Z,Amazon settlement explained : Do I qualify for a refund ? ,https://www.mynbc5.com/article/amazon-ftc-settlement-explained-automatic-refund-do-i-qualify-prime-benefits/69689989,,English,Amazon,AMZN,unknown,0.9
20251212T033000Z,Amazon settlement explained : Do I qualify for a refund ? ,https://www.4029tv.com/article/amazon-ftc-settlement-explained-automatic-refund-do-i-qualify-prime-benefits/69689989,,English,Amazon,AMZN,unknown,0.9
20251212T031500Z,Amazon settlement explained : Do I qualify for a refund ? ,https://www.wvtm13.com/article/amazon-ftc-settlement-explained-automatic-refund-do-i-qualify-prime-benefits/69689989,,English,Amazon,AMZN,unknown,0.9
20251212T031500Z,"Google , SpaceX , and Blue Origin plan to put AI in space",https://reason.com/2025/12/11/google-spacex-and-blue-origin-plan-to-put-ai-in-space-will-it-produce-skynet-or-untold-economic-abundance/,,English,Amazon,AMZN,unknown,0.9
20251212T030000Z,Amazon settlement explained : Do I qualify for a refund ? ,https://www.koat.com/article/amazon-ftc-settlement-explained-automatic-refund-do-i-qualify-prime-benefits/69689989,,English,Amazon,AMZN,unknown,0.9
20251212T030000Z,Judge dismisses Phoenix Firefighter lawsuit over back pay,https://www.12news.com/article/news/local/valley/judge-dismisses-phoenix-firefighters-lawsuit-over-back-pay/75-f6f89a7e-92e4-4e96-b451-29a26c0c8d0e,,English,Amazon,AMZN,negative,0.9
20251212T013000Z,The Top Vegan Headlines of 2025 : Our 25 Most Popular Stories,https://vegnews.com/2025-top-vegan-stories,,English,Amazon,AMZN,unknown,0.9
20251212T011500Z,JMGO O2S Ultra Tri - Laser Home Cinema Projector Now on Sale,https://www.prweb.com/releases/jmgo-o2s-ultra-tri-laser-home-cinema-projector-now-on-sale-302637672.html,,English,Amazon,AMZN,unknown,0.9
20251212T004500Z,"North American Markets Rally into Year - End as Fed Eases , Small Caps Break Out",https://smallcapnetwork.com/banner_articles/north-american-markets-rally-into-year-end-as-fed-eases-small-caps-break-out/,,English,Amazon,AMZN,unknown,0.9
20251211T234500Z,"Oracle Earnings Miss Triggers Stock Plunge , AI Sector Ripples",https://www.webpronews.com/oracle-earnings-miss-triggers-stock-plunge-ai-sector-ripples/,,English,Amazon,AMZN,unknown,0.9
20251211T231500Z,Market Soars to Unprecedented Heights : What Comes Next After Today Record Run ? ,https://markets.financialcontent.com/stocks/article/marketminute-2025-12-11-market-soars-to-unprecedented-heights-what-comes-next-after-todays-record-run,,English,Amazon,AMZN,unknown,0.9
20251211T231500Z,Space Coast launch schedule,https://www.sun-sentinel.com/2025/12/11/space-coast-launch-schedule-2/,,English,Amazon,AMZN,unknown,0.9
20251211T231500Z,Oracle Cloud Ambitions Spark Market Jitters as Q2 Earnings Reveal Soaring CapEx and Revenue Miss,https://markets.financialcontent.com/stocks/article/marketminute-2025-12-11-oracles-cloud-ambitions-spark-market-jitters-as-q2-earnings-reveal-soaring-capex-and-revenue-miss,,English,Amazon,AMZN,unknown,0.9
20251211T230000Z,Dow and S & P 500 Soar to Unprecedented Heights Amidst Economic Optimism,https://markets.financialcontent.com/stocks/article/marketminute-2025-12-11-dow-and-s-and-p-500-soar-to-unprecedented-heights-amidst-economic-optimism,,English,Amazon,AMZN,unknown,0.9
20251211T230000Z,Nasdaq Tech Troubles : A  Great Divergence  Reshapes the Market Landscape,https://markets.financialcontent.com/stocks/article/marketminute-2025-12-11-nasdaqs-tech-troubles-a-great-divergence-reshapes-the-market-landscape,,English,Amazon,AMZN,unknown,0.9
20251211T230000Z,AI Double - Edged Sword : Innovation Fuels Market Gains Amidst Mounting Bubble Fears,https://markets.financialcontent.com/stocks/article/marketminute-2025-12-11-ais-double-edged-sword-innovation-fuels-market-gains-amidst-mounting-bubble-fears,,English,Amazon,AMZN,unknown,0.9
20251211T224500Z,Space Coast launch schedule,https://www.orlandosentinel.com/2025/12/11/space-coast-launch-schedule/,,English,Amazon,AMZN,unknown,0.9
20251211T213000Z,"The case in Texas is now official homeowner claims lost mail , and this is how the USPS responds to the complaint",https://eladelantado.com/en/homeowner-claims-lost-mail-by-usps/,,English,Amazon,AMZN,unknown,0.9
20251211T204500Z,"23rd Loop Festival ,  Miratges Mirages  - Criticism",https://www.e-flux.com/criticism/6782358/23rd-loop-festival-miratges-mirages,,English,Amazon,AMZN,unknown,0.9
20251211T203000Z,Ring faces new scrutiny as lawmaker warns of biometric surveillance crisis,https://www.biometricupdate.com/202512/ring-faces-new-scrutiny-as-lawmaker-warns-of-biometric-surveillance-crisis,,English,Amazon,AMZN,unknown,0.9
20251211T203000Z,BMW Motorrad presents the BMW Motorrad Clothing Collection 2026 | Superbike News # 1 for Biker News,https://superbike-news.co.uk/bmw-motorrad-presents-the-bmw-motorrad-clothing-collection-2026/,,English,Amazon,AMZN,unknown,0.9
20251211T201500Z,Apple most popular app of 2025 is also the most controversial,https://nypost.com/2025/12/11/tech/apples-most-popular-app-of-2025-is-also-the-most-controversial/,,English,Amazon,AMZN,unknown,0.9
20251211T200000Z,"Bids for Warner Bros . Discovery face uncertain Trump approval process , some experts say",https://www.koka.am/syndicated-article/?id=1649592,,English,Amazon,AMZN,unknown,0.9
20251211T200000Z,Amazon settlement explained : Do I qualify for a refund ? ,https://www.koco.com/article/amazon-ftc-settlement-explained-automatic-refund-do-i-qualify-prime-benefits/69689989,,English,Amazon,AMZN,unknown,0.9
20251211T200000Z,Amazon hopes lawsuit over boy death in swing now in friendlier court | Pennsylvania Record,https://www.legalnewsline.com/pennsylvania-record/pennsylvania-record/amazon-hopes-lawsuit-over-boy-s-death-in-swing-now-in-friendlier-court/article_f477a7a5-07f9-4073-b9f6-0f1a2cb3ede1.html,,English,Amazon,AMZN,negative,0.9
20251211T200000Z,"Bids for Warner Bros . Discovery face uncertain Trump approval process , some experts say",https://www.mymoinfo.com/syndicated-article/?id=1649592,,English,Amazon,AMZN,unknown,0.9
20251211T200000Z,Amazon settlement explained : Do I qualify for a refund ? ,https://www.kmbc.com/article/amazon-ftc-settlement-explained-automatic-refund-do-i-qualify-prime-benefits/69689989,,English,Amazon,AMZN,unknown,0.9
20251211T200000Z,"Bids for Warner Bros . Discovery face uncertain Trump approval process , some experts say",https://www.woad.com/syndicated-article/?id=1649592,,English,Amazon,AMZN,unknown,0.9
20251211T200000Z,Amazon settlement explained : Do I qualify for a refund ? ,https://www.wisn.com/article/amazon-ftc-settlement-explained-automatic-refund-do-i-qualify-prime-benefits/69689989,,English,Amazon,AMZN,unknown,0.9
20251211T193000Z,Shopping local for the holiday season,https://www.wpbf.com/article/shopping-local-for-the-holiday-season/69672008,,English,Amazon,AMZN,unknown,0.9
20251211T191500Z,"Bids for Warner Bros . Discovery face uncertain Trump approval process , some experts say",https://www.wjol.com/syndicated-article/?id=1649592,,English,Amazon,AMZN,unknown,0.9
20251211T170000Z,DJI Adds Another Mini Drone Deal to Amazon Year - End Clearance as the Flip ( RC - N3 ) Crashes to Its Lowest Price,https://kotaku.com/dji-adds-another-mini-drone-deal-to-amazons-year-end-clearance-as-the-flip-rc-n3-crashes-to-its-lowest-price-2000652303,,English,Amazon,AMZN,unknown,0.9
20251211T163000Z,Oracle Historic Plunge : AI Spending Concerns Trigger Largest Stock Drop Since 2001,https://markets.financialcontent.com/stocks/article/marketminute-2025-12-11-oracles-historic-plunge-ai-spending-concerns-trigger-largest-stock-drop-since-2001,,English,Amazon,AMZN,unknown,0.9
20251211T144500Z,Microsoft fights $2 . 8 billion united kingdom lawsuit over cloud computing licences,https://finance.yahoo.com/news/microsoft-fights-2-8-billion-140519428.html,,English,Amazon,AMZN,negative,0.9
20251211T144500Z,HBO Max Subscriber Sues to Block Netflix $82B Warner Bros . Acquisition,https://www.webpronews.com/hbo-max-subscriber-sues-to-block-netflixs-82b-warner-bros-acquisition/,,English,Amazon,AMZN,unknown,0.9
20251211T144500Z,Best DJI deal : Save 46 % on the DJI Power 2000 at Amazon,https://mashable.com/article/dec-11-dji-power-2000-deal,,English,Amazon,AMZN,unknown,0.9
20251211T144500Z,Dont Leave These Items in Vehicles When Freezing,https://wbkr.com/ixp/71/p/remove-from-vehicle-before-freeze/,,English,Amazon,AMZN,unknown,0.9
20251211T143000Z,Dollar Extends Slide After Jobless Claims Jump ; SNB Lift Helps Franc Outperform,https://www.actionforex.com/action-insight/market-overview/622407-dollar-extends-slide-after-jobless-claims-jump-snb-lift-helps-franc-outperform/,,English,Amazon,AMZN,unknown,0.9
20251211T140000Z,"Report highlights Amazonian climate assemblies as diagnosis for inclusive governance , climate finance challenges",https://www.idea.int/news/report-highlights-amazonian-climate-assemblies-diagnosis-inclusive-governance-climate-finance,,English,Amazon,AMZN,unknown,0.9
20251211T140000Z,Will Smith Goes to the Ends of the Earth in  Pole to Pole  ,https://www.outsideonline.com/culture/books-media/will-smith-docuseries-pole-to-pole/,,English,Amazon,AMZN,unknown,0.9
20251211T140000Z,Bedsure Partners with Ronald McDonald House Charities Upper Midwest to Bring Comfort to Families,https://www.manilatimes.net/2025/12/11/tmt-newswire/pr-newswire/bedsure-partners-with-ronald-mcdonald-house-charities-upper-midwest-to-bring-comfort-to-families/2241723,,English,Amazon,AMZN,unknown,0.9
20251211T140000Z,18 innovative gifts for everyone on your list this Christmas,https://nypost.com/2025/12/11/lifestyle/18-innovative-gifts-for-everyone-on-your-list-this-christmas/,,English,Amazon,AMZN,unknown,0.9
20251211T140000Z,"New space race picks up pace : Bezos , Musk rivalling for data centres in orbit ; Pichai too",https://www.firstpost.com/tech/new-space-race-picks-up-pace-bezos-musk-rivalling-for-data-centres-in-orbit-pichai-too-ws-e-13958889.html,,English,Amazon,AMZN,unknown,0.9
20251211T134500Z,"When AI takes the tasks , managers take the relationships",https://fortune.com/2025/12/11/when-ai-takes-the-tasks-managers-take-the-relationships/,,English,Amazon,AMZN,unknown,0.9
20251211T134500Z,"Amazon expands India push with Govt tie - ups for artisans , women - led enterprises and more full details",https://www.livemint.com/companies/amazon-expands-india-push-with-govt-tie-ups-for-artisans-women-led-enterprises-and-more-full-details-11765457459218.html,,English,Amazon,AMZN,unknown,0.9
20251211T131500Z,Gary Bauer : Two More Warnings | The Patriot Post,https://patriotpost.us/opinion/123465-two-more-warnings-2025-12-11,,English,Amazon,AMZN,unknown,0.9
20251211T131500Z,FTC Proposed Consent Order With Illuminate Education : A Tale Of Two Enforcement Approaches,https://www.mondaq.com:443/unitedstates/education/1717146/ftcs-proposed-consent-order-with-illuminate-education-a-tale-of-two-enforcement-approaches,,English,Amazon,AMZN,unknown,0.9
20251211T124500Z,"Best portable power station deal : Save $1 , 000 on Anker Solix F2000 Solar Generator",https://mashable.com/article/dec-11-anker-solix-deal,,English,Amazon,AMZN,positive,0.9
20251211T120000Z,Can anyone play these Christmas CDs ? ,https://www.thecourierexpress.com/opinion/columns/can-anyone-play-these-christmas-cds/article_1326a274-0247-4cc9-96b5-9693b9e4c821.html,,English,Amazon,AMZN,unknown,0.9
20251211T120000Z,DJI Neo 2 review : My top pick for the best budget drone,https://www.tomsguide.com/cameras-photography/drones/dji-neo-2-review,,English,Amazon,AMZN,unknown,0.9
20251211T120000Z,"Thursday Forecast : Sunny , chilly , and breezy",https://www.12onyourside.com/2025/12/11/thursday-forecast-sunny-chilly-breezy/,,English,Amazon,AMZN,unknown,0.9
20251211T120000Z,"Author Damita Landis New Book ,  Rejected Love , is a Riveting Romance That Follows a Young Woman on a Mission to Find Her Soulmate",https://www.pr.com/press-release/955517,,English,Amazon,AMZN,unknown,0.9
20251211T114500Z,Dollars & Sense : The season of giving ... back,https://www.clickorlando.com/money/2025/12/11/dollars-sense-the-season-of-giving-back/,,English,Amazon,AMZN,unknown,0.9
20251211T104500Z,Kokua Line : Why is road being built into Kawainui Marsh ? | Honolulu Star - Advertiser,https://www.staradvertiser.com/2025/12/11/hawaii-news/kokua-line/kokua-line-why-is-road-being-built-into-kawainui-marsh/,,English,Amazon,AMZN,unknown,0.9
20251211T104500Z,Lidl new  calming  SpecialBuy sleep device is cheaper than Amazon or Boots,https://www.bristolpost.co.uk/news/uk-world-news/lidls-new-calming-specialbuy-sleep-10697616,,English,Amazon,AMZN,unknown,0.9
20251211T061500Z,Bezo Blue Origin working on orbital data center technology : Report,https://www.thehindu.com/sci-tech/technology/bezos-blue-origin-working-on-orbital-data-center-technology-report/article70383125.ece,,English,Amazon,AMZN,unknown,0.9
20251211T061500Z,COP30 : Governments wont solve the climate crisis,https://scroll.in/article/1089197/cop30-shows-why-governments-wont-solve-the-climate-crisis,,English,Amazon,AMZN,unknown,0.9
20251211T061500Z,Over $50 billion in under 24 hours : Why Big Tech is doubling down on investing in India,https://www.cnbc.com/2025/12/11/big-tech-microsoft-amazon-google-india-billions-in-investment.html,,English,Amazon,AMZN,unknown,0.9
20251211T051500Z,Aero - News Network : The aviation and aerospace world daily / real - time news and information service,https://aero-news.net:443/aNNTicker.cfm?do=main.archive&year=2025&month=12&day=11,,English,Amazon,AMZN,unknown,0.9
20251211T050000Z,David O . Marlow architectural photography featured in new  Private Aspen  book,https://www.aspentimes.com/news/david-o-marlows-architectural-photography-featured-in-new-private-aspen-book/,,English,Amazon,AMZN,unknown,0.9
20251211T044500Z,Digital  Nudge to Online Consumers Can Promote Public Interest,https://en.tempo.co/read/2072604/digital-nudges-to-online-consumers-can-promote-public-interest,,English,Amazon,AMZN,unknown,0.9
20251211T043000Z,"Amazon will build something differentiated that has scale , once we get to scale , we want to make money : India head Samir Kumar on profitability",https://www.moneycontrol.com/news/business/startup/amazon-will-build-something-differentiated-that-has-scale-once-we-get-to-scale-we-want-to-make-money-india-head-samir-kumar-on-profitability-13720399.html,,English,Amazon,AMZN,unknown,0.9
20251211T041500Z,"Attorneys General warn Apple , other tech firms about harmful AI",https://9to5mac.com/2025/12/10/attorneys-general-warn-apple-other-tech-firms-about-harmful-ai/,,English,Amazon,AMZN,unknown,0.9
20251211T041500Z,Frederick County residents voice concerns over Amazon plan to install diesel generators,https://www.fox5dc.com/news/frederick-county-residents-voice-concerns-over-amazons-plan-install-diesel-generators,,English,Amazon,AMZN,unknown,0.9
20251211T024500Z,Aero - News Network : The aviation and aerospace world daily / real - time news and information service,https://aero-news.net:443/index.cfm?do=main.archive&year=2025&month=12&day=11,,English,Amazon,AMZN,unknown,0.9
20251211T021500Z,Aero - News Network : The aviation and aerospace world daily / real - time news and information service,https://aero-news.net:443/getmorefromann.cfm?do=main.archive&year=2025&month=12&day=11,,English,Amazon,AMZN,unknown,0.9
20251211T021500Z,Aero - News Network : The aviation and aerospace world daily / real - time news and information service,https://aero-news.net:443/getmorefromann.cfm?do=main.archive&year=2025&month=12&day=10,,English,Amazon,AMZN,unknown,0.9
20251211T014500Z,54 Family Activities To Do In Singapore For Every Weekend,https://thesmartlocal.com/read/best-family-activities-singapore/,,English,Amazon,AMZN,unknown,0.9
20251211T011500Z,Lawsuit over internet sales taxes pits Mobile city and county against each other,https://www.fox10tv.com/2025/12/11/lawsuit-over-internet-sales-taxes-pits-mobile-city-county-against-each-other/,,English,Amazon,AMZN,negative,0.9
20251211T011500Z,An AI Model Has Been Trained in Space Using an Orbiting Nvidia GPU,https://www.pcmag.com/news/an-ai-model-has-been-trained-in-space-using-an-orbiting-nvidia-gpu,,English,Amazon,AMZN,unknown,0.9
20251211T004500Z,Belmont Park Village Sets a Sophisticated European Aura for Off - price,https://wwd.com/business-news/real-estate/belmont-park-village-blends-sophisticated-aura-and-offprice-1238419145/,,English,Amazon,AMZN,unknown,0.9
20251211T004500Z,"35 Top Gift Ideas for Men 2024 Shop UGG , Levi , & More",https://www.sheknows.com/living/slideshow/2135451/gift-ideas-for-men/,,English,Amazon,AMZN,unknown,0.9
20251211T003000Z,Aero - News Network : The aviation and aerospace world daily / real - time news and information service,https://aero-news.net:443/subscribe.cfm?do=main.archive&year=2025&month=12&day=10,,English,Amazon,AMZN,unknown,0.9
20251211T003000Z,"Best power station deal : Save over $1 , 000 on the Jackery HomePower 3600",https://mashable.com/article/dec-10-jackery-homepower-3600-plus-deal,,English,Amazon,AMZN,unknown,0.9
20251211T003000Z,Aero - News Network : The aviation and aerospace world daily / real - time news and information service,https://aero-news.net:443/subscribe.cfm?do=main.archive&year=2025&month=12&day=11,,English,Amazon,AMZN,unknown,0.9
20251211T003000Z,Global : Amnesty International annual letter - writing campaign demonstrates how humanity can win,https://www.amnesty.org.au/amnesty-internationals-annual-letter-writing-campaign-demonstrates-how-humanity-can-win/,,English,Amazon,AMZN,unknown,0.9
20251211T003000Z,More than 50 million people suffer from autoimmune disease,https://www.cachevalleydaily.com/news/more-than-50-million-people-suffer-from-autoimmune-disease/article_e8e61506-5a8e-4ed4-950d-f4fb76fa4d21.html,,English,Amazon,AMZN,unknown,0.9
20251211T000000Z,"Indigenous voices shape fight for climate , food sovereignty from COP30 to Sri Lanka",https://www.eco-business.com/news/indigenous-voices-shape-fight-for-climate-food-sovereignty-from-cop30-to-sri-lanka/,,English,Amazon,AMZN,unknown,0.9
20251211T000000Z,New industry standards and tech advances make pre - owned electronics a viable holiday gift option,https://techxplore.com/news/2025-12-industry-standards-tech-advances-pre.html,,English,Amazon,AMZN,unknown,0.9
20251210T234500Z,Amazon is paying 35M shoppers ahead of the holidays : Are you one of them ? ,https://www.masslive.com/news/2025/12/amazon-is-paying-35m-shoppers-ahead-of-the-holidays-are-you-one-of-them.html,,English,Amazon,AMZN,unknown,0.9
20251210T230000Z,"McDonalds and Coca - Cola Made AI Slop Holiday Commercials , and Im Not Lovin  It",https://www.cnet.com/tech/services-and-software/terrible-ai-holiday-commercials-commentary/,,English,Amazon,AMZN,unknown,0.9
20251210T224500Z,"Oracle Delivers Mixed Q2 FY2026 Results , Cloud Growth Under Scrutiny Amidst AI Ambitions",https://markets.financialcontent.com/stocks/article/marketminute-2025-12-10-oracle-delivers-mixed-q2-fy2026-results-cloud-growth-under-scrutiny-amidst-ai-ambitions,,English,Amazon,AMZN,unknown,0.9
20251210T224500Z,Residents Push Indiana Community Toward Halt on Data Centers,https://www.govtech.com/products/residents-push-indiana-community-toward-halt-on-data-centers,,English,Amazon,AMZN,unknown,0.9
20251210T223000Z,The Horn Book | Fanfare 2025 Annotations,https://www.hbook.com/story/fanfare-2025-annotations,,English,Amazon,AMZN,unknown,0.9
20251210T223000Z,"Data center debates - Illinois Times , the capital city weekly source of news , politics , arts , entertainment , culture",https://www.illinoistimes.com/news/data-center-debates/,,English,Amazon,AMZN,unknown,0.9
20251210T223000Z,Dow Soars Nearly 500 Points as Federal Reserve Signals Dovish Path Forward,https://markets.financialcontent.com/stocks/article/marketminute-2025-12-10-dow-soars-nearly-500-points-as-federal-reserve-signals-dovish-path-forward,,English,Amazon,AMZN,unknown,0.9
20251210T223000Z,"Award - Winning Author Dan M . Mrejeru Unveils Sixth Edition of  The Making , the Rise , and the Future of the Speakingman  ",https://www.webwire.com/ViewPressRel.asp?aId=347786,,English,Amazon,AMZN,unknown,0.9
20251210T221500Z,Failed Prophecies Are Now Sinking the Climate Cartel,https://redstate.com/wardclark/2025/12/10/failed-prophecies-are-now-sinking-the-climate-cartel-n2196996,,English,Amazon,AMZN,unknown,0.9
20251210T214500Z,Bezo Blue Origin working on orbital data centre technology,https://www.itnews.com.au/news/bezos-blue-origin-working-on-orbital-data-centre-technology-622507,,English,Amazon,AMZN,unknown,0.9
20251210T210000Z,  Defeat for justice : Ecuador to pay Amazon - polluting Chevron $220 million,https://therealnews.com/defeat-for-justice-ecuador-to-pay-amazon-polluting-chevron-220-million,,English,Amazon,AMZN,unknown,0.9
20251210T210000Z,Latest Twist in Chevron Amazon Pollution Saga : Ecuador Ordered to Pay the Oil Company $220 Million,https://insideclimatenews.org/news/10122025/ecuador-to-pay-chevron-220-million-amazon-pollution/,,English,Amazon,AMZN,negative,0.9
20251210T200000Z,A Scenic Road Winding Through Theodore Roosevelt National Park Finally Reopens After Six Years,https://www.smithsonianmag.com/smart-news/a-scenic-road-winding-through-theodore-roosevelt-national-park-finally-reopens-after-six-years-180987816/,,English,Amazon,AMZN,positive,0.9
20251210T193000Z,Hobart residents sue to block city data center plan,https://www.chicagotribune.com/2025/12/10/hobart-residents-sue-to-block-citys-data-center-plan/,,English,Amazon,AMZN,unknown,0.9
20251210T193000Z,The Fed Tightrope Walk : Rate Cut Looms Amidst Divided Outlook and 2026 Uncertainties,https://markets.financialcontent.com/stocks/article/marketminute-2025-12-10-the-feds-tightrope-walk-rate-cut-looms-amidst-divided-outlook-and-2026-uncertainties,,English,Amazon,AMZN,unknown,0.9
20251210T190000Z,"Bezo Blue Origin working on orbital data center technology , WSJ reports",https://dunyanews.tv/en/Technology/922996-bezos-blue-origin-working-on-orbital-data-center-technology-wsj-repo,,English,Amazon,AMZN,unknown,0.9
20251210T184500Z,"Jeff Bezos , Elon Musk race to build AI data centers in space : report",https://nypost.com/2025/12/10/business/jeff-bezos-elon-musk-race-to-build-ai-data-centers-in-space-report/,,English,Amazon,AMZN,unknown,0.9
20251210T183000Z,Best holiday gift ideas under $250 in Canada | Cornwall Standard - Freeholder,https://www.standard-freeholder.com:443/gift-guide/best-gifts-under-250-canada,,English,Amazon,AMZN,unknown,0.9
20251210T183000Z,"Bezo Blue Origin working on orbital data center technology , WSJ reports",https://www.marketscreener.com/news/bezos-blue-origin-working-on-orbital-data-center-technology-wsj-reports-ce7d50dadb8cfe23,,English,Amazon,AMZN,unknown,0.9
20251210T183000Z,Why Amazon new facial - recognition AI for Ring doorbells has privacy experts worried,https://www.zdnet.com/article/amazon-ring-familiar-faces-feature-privacy-concerns/,,English,Amazon,AMZN,unknown,0.9
20251210T183000Z,The best last - minute holiday gifts for men in 2025 – NBC10 Philadelphia,https://www.nbcphiladelphia.com/holidays/holiday-gift-ideas-for-men-2025-practical-stylish-foolproof/4314472/,,English,Amazon,AMZN,unknown,0.9
20251210T183000Z,Best holiday gift ideas under $250 in Canada | Gananoque Reporter,https://www.gananoquereporter.com:443/gift-guide/best-gifts-under-250-canada,,English,Amazon,AMZN,unknown,0.9
20251210T171500Z,Inside WPP CEO Cindy Rose First 100 Days on the Job and Road Ahead,https://www.businessinsider.com/inside-cindy-rose-first-100-days-as-wpp-ceo-2025-12,,English,Amazon,AMZN,unknown,0.9
20251210T171500Z,Best DJI deal : Save 46 % on the DJI Power 2000 at Amazon,https://mashable.com/article/dec-10-dji-power-2000-deal,,English,Amazon,AMZN,unknown,0.9
20251210T170000Z,Why Netflix Is Buying Warner Bros . & Plus Ted Sarando Fight For It,https://variety.com/2025/film/news/why-netflix-buying-warner-bros-ted-sarandos-1236604802/,,English,Amazon,AMZN,unknown,0.9
20251210T161500Z,Markets Brace for Fed December Verdict as Stocks Trend Lower,https://markets.financialcontent.com/stocks/article/marketminute-2025-12-10-markets-brace-for-feds-december-verdict-as-stocks-trend-lower,,English,Amazon,AMZN,unknown,0.9
20251210T161500Z,Ecuador agrees to pay Chevron after tribunal ruling as Amazon communities condemn  defeat for justice  ,https://www.nationofchange.org/2025/12/10/ecuador-agrees-to-pay-chevron-after-tribunal-ruling-as-amazon-communities-condemn-defeat-for-justice/,,English,Amazon,AMZN,unknown,0.9
20251210T154500Z,Resource demands of Midwest data centers draw critics,https://www.bondbuyer.com/news/resource-demands-of-midwest-data-centers-draw-critics,,English,Amazon,AMZN,unknown,0.9
20251210T153000Z,How have countries bettered – or worsened – the environment in 2025 ? ,https://geographical.co.uk/news/how-have-countries-bettered-or-worsened-the-environment-in-2025,,English,Amazon,AMZN,unknown,0.9
20251210T151500Z,Inside tractor maker CNH push to bring more artificial intelligence to the farm,https://fortune.com/2025/12/10/artificial-intelligence-cnh-ai-tractors-farm-equipment/,,English,Amazon,AMZN,unknown,0.9
20251210T150000Z,Native Union POP Phone review : Retro phone handset brings vintage style,https://www.macworld.com/article/3001805/native-union-pop-retro-vintage-iphone-handset-review.html,,English,Amazon,AMZN,unknown,0.9
20251210T144500Z,Raoni and other Indigenous leaders lament Lula support for oil exploration at the mouth of the Amazon River,https://reporterbrasil.org.br/2025/12/raoni-and-other-indigenous-leaders-lament-lulas-support-for-oil-exploration-at-the-mouth-of-the-amazon-river/,,English,Amazon,AMZN,unknown,0.9
20251210T144500Z,Swiggy Earmarks ₹4475 Cr of QIP Proceeds for Instamart Growth,https://www.medianama.com/2025/12/223-swiggy-half-10000-cr-qip-quick-commerce/,,English,Amazon,AMZN,unknown,0.9
20251210T144500Z,  Mining is top : Brazil big extractors see  energy transition  as a chance to rebrand,https://reporterbrasil.org.br/2025/12/mining-is-top-brazils-big-extractors-see-energy-transition-as-a-chance-to-rebrand/,,English,Amazon,AMZN,unknown,0.9
20251210T144500Z,Best holiday gift ideas under $250 in Canada | Brockville Recorder & Times,https://www.recorder.ca:443/gift-guide/best-gifts-under-250-canada,,English,Amazon,AMZN,unknown,0.9
20251210T143000Z,This Startup Bold New Plan to Build Space Data Centers,https://dailygalaxy.com/2025/12/startup-plan-to-build-space-data-centers/,,English,Amazon,AMZN,unknown,0.9
20251210T143000Z,Best holiday gift ideas under $250 in Canada,https://www.parisstaronline.com:443/gift-guide/best-gifts-under-250-canada,,English,Amazon,AMZN,unknown,0.9
20251210T143000Z,Best holiday gift ideas under $250 in Canada,https://winnipegsun.com/gift-guide/best-gifts-under-250-canada,,English,Amazon,AMZN,unknown,0.9
20251210T143000Z,Best holiday gift ideas under $250 in Canada,https://www.norfolkandtillsonburgnews.com/gift-guide/best-gifts-under-250-canada,,English,Amazon,AMZN,unknown,0.9
20251210T143000Z,Best holiday gift ideas under $250 in Canada | The County Weekly News,https://www.countyweeklynews.ca:443/gift-guide/best-gifts-under-250-canada,,English,Amazon,AMZN,unknown,0.9
20251210T143000Z,Best holiday gift ideas under $250 in Canada | Trenton Trentonian,https://www.trentonian.ca:443/gift-guide/best-gifts-under-250-canada,,English,Amazon,AMZN,unknown,0.9
20251210T141500Z,Europe agrees to cut emissions 90 % by 2040,https://www.cnbc.com/2025/12/10/europe-agrees-to-slash-emissions-90.html,,English,Amazon,AMZN,unknown,0.9
20251210T140000Z,Milestone : 40 years of Vallarta Supermarkets,https://www.freshplaza.com/north-america/article/9793288/milestone-40-years-of-vallarta-supermarkets/,,English,Amazon,AMZN,unknown,0.9
20251210T133000Z,AI Bubble  Set to Pop  as Ex - Intel CEO Claims Quantum Computing Will Kill GPUs,https://www.ibtimes.com/ai-bubble-set-pop-ex-intel-ceo-claims-quantum-computing-will-kill-gpus-3792249,,English,Amazon,AMZN,unknown,0.9
20251210T131500Z,"India logistics costs have come down to 9 %, says Nitin Gadkari",https://economictimes.indiatimes.com/small-biz/trade/exports/logistics/indias-logistics-costs-have-come-down-to-9-says-nitin-gadkari/articleshow/125890316.cms,,English,Amazon,AMZN,unknown,0.9
20251210T120000Z,"Wednesday Forecast : Icy , breezy and cloudy",https://www.12onyourside.com/2025/12/10/wednesday-forecast-icy-breezy-cloudy/,,English,Amazon,AMZN,unknown,0.9
20251210T114500Z,"Fresh , December 10 , 2025 : Google , Meta , ExxonMobil Announce Energy Company Partnerships to Fuel Data Center Growth",https://www.circleofblue.org/newsletter/fresh-december-10-2025-google-meta-exxonmobil-announce-energy-company-partnerships-to-fuel-data-center-growth/,,English,Amazon,AMZN,unknown,0.9
20251210T114500Z,North American Morning Briefing : Stock Futures Fall as Investors Poised for Fed Decision,https://www.marketscreener.com/news/north-american-morning-briefing-stock-futures-fall-as-investors-poised-for-fed-decision-ce7d51d3d18ff725,,English,Amazon,AMZN,unknown,0.9
20251210T111500Z,KEYNOTE ADDRESSES FROM THE VICE PRESIDENT OF THE GOVERNMENT,https://hellenicnews.com/2025/12/10/keynote-addresses-from-the-vice-president-of-the-government/,,English,Amazon,AMZN,unknown,0.9
20251210T103000Z,"Ive watched 2 , 000 films Netflix just dropped one of the best Ive ever seen",https://www.express.co.uk/entertainment/films/2144501/best-films-of-2025-netflix-streaming,,English,Amazon,AMZN,unknown,0.9
20251210T101500Z,"Amazon Everyday Essentials : Your One - Stop Winter Solution for Family , Baby , and Pets",https://indianexpress.com/article/lifestyle/sponsored-lifestyle/amazon-everyday-essentials-your-one-stop-winter-solution-for-family-baby-and-pets-10411102/,,English,Amazon,AMZN,unknown,0.9
20251210T100000Z,This  Game of Throne star is taking his search for climate solutions global,https://www.kuic.com/syndicated-article/?id=1648460,,English,Amazon,AMZN,unknown,0.9
20251210T094500Z,Inside Nigeria $83m bet on MOSIP for its national ID,https://techcabal.com/2025/12/10/inside-nigerias-83m-bet-on-mosip-for-its-national-id/,,English,Amazon,AMZN,unknown,0.9
20251210T074500Z,Liberia : FPA Releases Government Performance Report of State - owned Enterprises,https://frontpageafricaonline.com/news/liberia-fpa-releases-government-performance-report-of-state-owned-enterprises/,,English,Amazon,AMZN,unknown,0.9
20251210T074500Z,"Global giants Amazon , Google , Microsoft make multi - billion dollar AI bet on India",https://www.moneycontrol.com/artificial-intelligence/global-giants-amazon-google-microsoft-make-multi-billion-dollar-ai-bet-on-india-article-13719142.html,,English,Amazon,AMZN,unknown,0.9
20251210T071500Z,  Coalition of the Unwilling : Petrostates and Propagandists Undermining Climate Science :  BradCast  12 / 9 / 2025,https://bradblog.com/?p=15582&print=1,,English,Amazon,AMZN,unknown,0.9
20251210T071500Z,  Coalition of the Unwilling : Petrostates and Propagandists Undermining Climate Science :  BradCast  12 / 9 / 2025,https://bradblog.com/?p=15582,,English,Amazon,AMZN,unknown,0.9
20251210T064500Z,Didcot : Latest Amazon data centre for power station site,https://www.oxfordmail.co.uk/news/25675762.didcot-latest-amazon-data-centre-power-station-site/,,English,Amazon,AMZN,unknown,0.9
20251210T063000Z,Didcot : Latest Amazon data centre for power station site,https://www.thisisoxfordshire.co.uk/news/25675762.didcot-latest-amazon-data-centre-power-station-site/,,English,Amazon,AMZN,unknown,0.9
20251210T043000Z,How to Help Delivery Drivers in West Michigan This December,https://mix957gr.com/package-delivery-tips-west-michigan/,,English,Amazon,AMZN,unknown,0.9
20251210T043000Z,Google Launches Doppl : AI Virtual Try - Ons Transform Online Shopping,https://www.webpronews.com/google-launches-doppl-ai-virtual-try-ons-transform-online-shopping/,,English,Amazon,AMZN,unknown,0.9
20251210T041500Z,The 15 Most Disturbing TV Scenes Of All Time,https://www.tvline.com/2046663/most-disturbing-tv-scenes-all-time/,,English,Amazon,AMZN,unknown,0.9
20251210T034500Z,5 Popular Camping Gadgets Users Say You Should Steer Clear Of,https://www.slashgear.com/2045738/popular-camping-gadgets-users-say-steer-clear/,,English,Amazon,AMZN,unknown,0.9
20251210T033000Z,Amazon founder ex - wife MacKenzie Scott donates $23 million to Oklahoma college,https://www.5newsonline.com/article/news/local/amazon-mackenzie-scott-donates-oklahoma-college/527-4bf931b8-5d2f-4973-b024-e795d9b81638,,English,Amazon,AMZN,unknown,0.9
20251210T033000Z,How Big Tech AI boom threatens grid stability – NaturalNews . com,https://www.naturalnews.com/2025-12-09-big-techs-ai-boom-threatens-grid-stability.html,,English,Amazon,AMZN,unknown,0.9
20251210T030000Z,Aero - News Network : The aviation and aerospace world daily / real - time news and information service,https://aero-news.net:443/AnnTicker.cfm?do=main.archive&year=2025&month=12&day=10,,English,Amazon,AMZN,unknown,0.9
20251210T024500Z,"Perfect Hydration Alkaline Water Lands Major Retail Deals , Breaks Online Sales Records",https://www.bevnet.com/pr/2025/12/09/perfect-hydration-alkaline-water-lands-major-retail-deals-breaks-online-sales-records,,English,Amazon,AMZN,unknown,0.9
20251210T023000Z,Tenn . AG sues towing company for  deceptive and unfair business practices  ,https://www.newschannel5.com/news/newschannel-5-investigates/tenn-ag-sues-priority-wrecker-towing-company-for-widespread-deceptive-and-unfair-business-practices,,English,Amazon,AMZN,unknown,0.9
20251210T004500Z,Save hundreds on EF ECOFLOW solar generators and portable power stations with this limited Amazon deal,https://www.popsci.com/gear/ef-ecoflow-portable-power-station-solar-generator-amazon-winter-deals/,,English,Amazon,AMZN,positive,0.9
20251210T001500Z,Sturgeon Falls author releases first crime thriller,https://www.niagarafallsreview.ca/news/canada/sturgeon-falls-author-releases-first-crime-thriller/article_3050ad6d-bd22-54d8-9766-5cde18396c01.html,,English,Amazon,AMZN,unknown,0.9
20251209T234500Z,"Global IT Sector Roars Ahead : A Trillion - Dollar Surge Driven by AI , Cloud , and Cybersecurity",https://markets.financialcontent.com/stocks/article/marketminute-2025-12-9-global-it-sector-roars-ahead-a-trillion-dollar-surge-driven-by-ai-cloud-and-cybersecurity,,English,Amazon,AMZN,unknown,0.9
20251209T234500Z,Dont click that link : Experts warn of Christmas package tracking scams,https://www.fox13now.com/news/consumer-rules/dont-click-that-link-experts-warn-of-christmas-package-tracking-scams,,English,Amazon,AMZN,unknown,0.9
20251209T234500Z,Corporate Compass Points North : Businesses Navigate a Sea of Change with Agile Strategies,https://markets.financialcontent.com/stocks/article/marketminute-2025-12-9-corporate-compass-points-north-businesses-navigate-a-sea-of-change-with-agile-strategies,,English,Amazon,AMZN,unknown,0.9
20251209T231500Z,"2025 Black List : Yoko Ono , Kobe Bryant and AI David Bowie Scripts",https://www.hollywoodreporter.com/movies/movie-news/2025-black-list-yoko-ono-kobe-bryant-1236445704/,,English,Amazon,AMZN,unknown,0.9
20251209T224500Z,New Brandon Sanderson Sci - Fi Book Is 30 % Off On Launch Day,https://www.gamespot.com/articles/brandon-sanderson-tailored-realities-new-book-launch-deal-december-2025/1100-6536809/,,English,Amazon,AMZN,unknown,0.9
20251209T213000Z,Mashable Reader Choice : Most - trusted security cameras 2025,https://mashable.com/article/readers-choice-2025-best-smart-home-security-cameras,,English,Amazon,AMZN,unknown,0.9
20251209T213000Z,Space Coast launch schedule,https://www.sun-sentinel.com/2025/12/09/space-coast-launch-schedule-2/,,English,Amazon,AMZN,unknown,0.9
20251209T213000Z,MusicRow Reveals Next Big Thing Artists Class Of 2026,https://musicrow.com/2025/12/musicrow-reveals-next-big-thing-artists-class-of-2026/,,English,Amazon,AMZN,unknown,0.9
20251209T213000Z,Get a serious audio upgrade for just $35 with this fantastic Razer microphone deal,https://www.pcgamesn.com/razer/seiren-v3-gaming-microphone-deal,,English,Amazon,AMZN,unknown,0.9
20251209T210000Z,The courage to defend,https://geographical.co.uk/news/the-courage-to-defend,,English,Amazon,AMZN,unknown,0.9
20251209T210000Z,"Rejected by Tucson and abandoned by Amazon , Project Blue data center moves forward",https://www.kjzz.org/the-show/2025-12-09/rejected-by-tucson-and-abandoned-by-amazon-project-blue-data-center-moves-forward,,English,Amazon,AMZN,unknown,0.9
20251209T210000Z,Paraguay lands up to $50B from X8 Cloud for AI data center construction,https://www.upi.com/Top_News/World-News/2025/12/09/Paraguay-lands-up-to-50B-from-X8-Cloud-for-AI-data-center-construction/3121765297559/,,English,Amazon,AMZN,unknown,0.9
20251209T204500Z,The nine best eco - friendly holiday decor in the US to celebrate with less waste,https://www.theguardian.com/thefilter-us/2025/dec/09/eco-friendly-holiday-decor-christmas,,English,Amazon,AMZN,unknown,0.9
20251209T203000Z,The Black List 2025 Screenplays,https://www.indiewire.com/news/general-news/2025-black-list-screenplays-1235166331/,,English,Amazon,AMZN,unknown,0.9
20251209T203000Z,Deadline,https://deadline.com/print-article/1236643293/,,English,Amazon,AMZN,unknown,0.5
20251209T203000Z,Could the decline of Linear TV benefit sailing ? ,https://www.yachtsandyachting.com/news/292276/Could-the-decline-of-Linear-TV-benefit-sailing,,English,Amazon,AMZN,unknown,0.9
20251209T201500Z,Group urges Treasury to block Latin America digital taxes on US firms,https://www.foxbusiness.com/politics/bessent-warned-eu-style-regulatory-nightmare-creeping-latin-america-aimed-squarely-us,,English,Amazon,AMZN,unknown,0.9
20251209T201500Z,"Tech Sector Resilient Surge : Beyond the AI Titans , A Broader Market Rally Takes Hold",https://markets.financialcontent.com/stocks/article/marketminute-2025-12-9-tech-sectors-resilient-surge-beyond-the-ai-titans-a-broader-market-rally-takes-hold,,English,Amazon,AMZN,unknown,0.9
20251209T200000Z,The Growth Imperative : Strategies for Identifying Tomorrow Market Leaders,https://markets.financialcontent.com/stocks/article/marketminute-2025-12-9-the-growth-imperative-strategies-for-identifying-tomorrows-market-leaders,,English,Amazon,AMZN,unknown,0.9
20251209T193000Z,Turning the Tide on the NLRB Trigger Bill : Preemption Prevails ( for Now ) Over New York | BakerHostetler,https://www.jdsupra.com/legalnews/turning-the-tide-on-the-nlrb-trigger-4307782/,,English,Amazon,AMZN,unknown,0.9
20251209T193000Z,  Paradise  Creator Reveals Filming Start on New Kevin Costner New Drama With Jake Gyllenhaal [ Exclusive ] ,https://collider.com/kevin-costner-jake-gyllenhaal-movie-honeymoon-with-harry-update-filming-start-dan-fogelman-paradise-explained/,,English,Amazon,AMZN,unknown,0.9
20251209T181500Z,Paraguay lands up to $50B from X8 Cloud for AI data center construction,https://www.upi.com/Top_News/World-News/2025/12/09/latam-paraguay-X8-cloud-AI-data-center/3121765297559/,,English,Amazon,AMZN,unknown,0.9
20251209T181500Z,Sturgeon Falls author releases first crime thriller,https://www.elliotlakestandard.ca:443/news/sturgeon-falls-author-releases-first-crime-thriller,,English,Amazon,AMZN,unknown,0.9
20251209T180000Z,Secret Santa Gift Ideas for Every Budget in 2025,https://www.today.com/shop/best-secret-santa-gifts-rcna243676,,English,Amazon,AMZN,unknown,0.9
20251209T173000Z,"AI Toolkit Statistics By Usage , Users and Facts ( 2025 ) ",https://electroiq.com/stats/ai-toolkit-statistics/,,English,Amazon,AMZN,unknown,0.9
20251209T171500Z,Environmental Groups Urge Congress for Moratorium on New US Data Centers,https://www.webpronews.com/environmental-groups-urge-congress-for-moratorium-on-new-us-data-centers/,,English,Amazon,AMZN,unknown,0.9
20251209T170000Z,The AI data center boom is coming for Kentucky . What will lawmakers do about it ? ,https://www.wkms.org/2025-12-09/the-ai-data-center-boom-is-coming-for-kentucky-what-will-lawmakers-do-about-it,,English,Amazon,AMZN,unknown,0.9
20251209T170000Z,Panic - Stricken Climate Alarmists Resort To Even Bolder Lies,https://climatechangedispatch.com/panic-stricken-climate-alarmists-bolder-lies/,,English,Amazon,AMZN,unknown,0.9
20251209T170000Z,"The Year in Water , 2025 – Power Shift",https://www.circleofblue.org/2025/water-climate/the-year-in-water-2025-power-shift/,,English,Amazon,AMZN,unknown,0.9
20251209T164500Z,The Drum Honors : Top 10 agencies in B2B categories revealed,https://www.thedrum.com/news/the-drum-honors-top-10-agencies-in-b2b-categories-revealed,,English,Amazon,AMZN,unknown,0.9
20251209T164500Z,Shop These Writer - Loved Amazon Outlet Gifts Under $50,https://www.bhg.com/amazon-outlet-gifts-under-50-11862847,,English,Amazon,AMZN,unknown,0.9
20251209T163000Z,Photographer seeks Rs 18 crore in damages from Zee News for alleged copyright infringement,https://scroll.in/latest/1089153/photographer-seeks-rs-18-crore-in-damages-from-zee-news-for-alleged-copyright-infringement,,English,Amazon,AMZN,unknown,0.9
20251209T140000Z,"The Night Manager series 2 cast promise  danger , espionage , betrayal , love , heartbreak , drama and suspense  as Tom Hiddleston Jonathan Pine returns",https://www.bbc.co.uk/mediacentre/mediapacks/the-night-manager-series-2-cast-creatives,,English,Amazon,AMZN,unknown,0.9
20251209T140000Z,"Soros , Ford Foundation Fund European Nonprofit Targeting US Companies for Doing Business in Israel",https://freebeacon.com/america/soros-ford-foundation-fund-european-nonprofit-targeting-us-companies-for-doing-business-in-israel/,,English,Amazon,AMZN,unknown,0.9
20251209T123000Z,"Days After COP30 , Brazil Weakened Amazon Safeguards - Inside Climate News",https://insideclimatenews.org/news/09122025/brazil-weakens-amazon-forest-protection/,,English,Amazon,AMZN,unknown,0.9
20251209T113000Z,All Creature star says Rachel Shenton festive return was uncertain,https://www.radiotimes.com/tv/drama/all-creatures-great-small-helen-returns-christmas-exclusive-newsupdate/,,English,Amazon,AMZN,unknown,0.9
20251209T091500Z,What to do if you drive into floodwater as 20 people die,https://www.walesonline.co.uk/news/uk-news/what-you-drive-floodwater-20-33024466,,English,Amazon,AMZN,unknown,0.9
20251209T090000Z,Winter Pet Care Made Easy with Amazon Everyday Essentials,https://www.pinkvilla.com/lifestyle/winter-pet-care-made-easy-with-amazon-everyday-essentials-1399020,,English,Amazon,AMZN,unknown,0.9
20251209T064500Z,Great Was Its Fall - LewRockwell,https://www.lewrockwell.com/2025/12/edward-curtin/great-was-its-fall/,,English,Amazon,AMZN,unknown,0.9
20251209T064500Z,"Police blotter : Dog on duty , not - there snakes , multiple arrests",https://www.thepostathens.com/article/2025/12/athens-county-sheriff-police-blotter-6936526b735a6,,English,Amazon,AMZN,unknown,0.9
20251209T063000Z,Casa Ecuador - The Embassy of Nature concludes successful Abu Dhabi debut,https://www.prnewswire.com/news-releases/casa-ecuador--the-embassy-of-nature-concludes-successful-abu-dhabi-debut-302635824.html,,English,Amazon,AMZN,unknown,0.9
20251209T063000Z,Aero - News Network : The aviation and aerospace world daily / real - time news and information service,https://aero-news.net:443/index.cfm?do=main.archive&year=2025&month=12&day=9,,English,Amazon,AMZN,unknown,0.9
20251209T060000Z,2025 is the second hottest year since records began,https://www.newscientist.com/article/2507635-2025-is-the-second-hottest-year-since-records-began/,,English,Amazon,AMZN,unknown,0.9
20251209T054500Z,"Data center impact ,  fair representation  ",https://www.journalgazette.net/opinion/letters/data-center-impact-fair-representation/article_3f35ad8f-4d13-4aa2-8c34-088b29883a57.html,,English,Amazon,AMZN,unknown,0.9
20251209T053000Z,Aero - News Network : The aviation and aerospace world daily / real - time news and information service,https://aero-news.net:443/ANNTicker.cfm?do=main.archive&year=2025&month=12&day=9,,English,Amazon,AMZN,unknown,0.9
20251209T051500Z,"Overcrowding cancels Kline Township meeting , leaving data center concerns unanswered",https://fox56.com/news/local/overcrowding-cancels-kline-township-meeting-leaving-data-center-concerns-unanswered,,English,Amazon,AMZN,unknown,0.9
20251209T043000Z,Climate Change Tipping Points : 5 Crucial Factors To Watch,https://www.chiangraitimes.com/weather/climate-change-tipping-points/,,English,Amazon,AMZN,unknown,0.9
20251209T041500Z,"The Autumn Economic Forum 2025 : Vietnam affirms its leading role in the region , driving global investment into the pillars of green and digital transformation",https://www.thailand-business-news.com/pr-news/the-autumn-economic-forum-2025-vietnam-affirms-its-leading-role-in-the-region-driving-global-investment-into-the-pillars-of-green-and-digital-transformation,,English,Amazon,AMZN,unknown,0.9
20251209T041500Z,"The Autumn Economic Forum 2025 : Vietnam affirms its leading role in the region , driving global investment into the pillars of green and digital transformation",https://www.manilatimes.net/2025/12/09/tmt-newswire/media-outreach-newswire/the-autumn-economic-forum-2025-vietnam-affirms-its-leading-role-in-the-region-driving-global-investment-into-the-pillars-of-green-and-digital-transformation/2239457,,English,Amazon,AMZN,unknown,0.9
20251209T011500Z,US Tech Giants Invest Billions in Europe AI Boom,https://www.webpronews.com/us-tech-giants-invest-billions-in-europes-ai-boom/,,English,Amazon,AMZN,unknown,0.9
20251209T011500Z,"  ANM fails on multiple fronts , prosecutor says amid mining expansion and licensing failures",https://reporterbrasil.org.br/2025/12/anm-fails-on-multiple-fronts-prosecutor-says-amid-mining-expansion-and-licensing-failures/,,English,Amazon,AMZN,unknown,0.9
20251209T010000Z,From Antiques to Alibis : Why We Love Mysteries Steeped in History,https://www.writersdigest.com/from-antiques-to-alibis-why-we-love-mysteries-steeped-in-history,,English,Amazon,AMZN,unknown,0.9
20251209T003000Z,Paramount outbids Netflix with $163bn Warner Bros Discovery takeover bid,https://www.cairnspost.com.au/entertainment/television/paramount-offers-163bn-to-outbid-netflix-for-warner-brothers-discovery/news-story/6ea2298464a9a50c11ea469edf9d99e7?nk=d692d15dc5c55ffc8ed3d77de5bc0e78-1765239411,,English,Amazon,AMZN,unknown,0.9
20251209T003000Z,"Amazon dropped Ororo heated jackets , vests , and gloves to prices lower than Black Friday",https://www.popsci.com/gear/ororo-heated-jacket-vest-accessories-deal-amazon/,,English,Amazon,AMZN,unknown,0.9
20251209T003000Z,ICEBlock developer files lawsuit against the US government,https://9to5mac.com/2025/12/08/iceblock-developer-sues-us-government/,,English,Amazon,AMZN,negative,0.9
20251209T003000Z,Why Walmart Wants to See the Starbucks Barista Strike Fail,https://truthout.org/articles/why-walmart-wants-to-see-the-starbucks-barista-strike-fail/,,English,Amazon,AMZN,unknown,0.9
20251209T003000Z,ON Culture | Rockin  Around the Holiday Season - The Santa Barbara Independent,https://www.independent.com/2025/12/08/on-culture-rockin-around-the-holiday-season/,,English,Amazon,AMZN,unknown,0.9
20251209T003000Z,iPhone 17 is MKBHD phone of the year,https://9to5mac.com/2025/12/08/iphone-17-best-smartphone-of-the-year-mkbhd-smartphone-awards/,,English,Amazon,AMZN,unknown,0.9
20251208T163000Z,Why All Those  Best of 2025  Lists are Trash,https://www.theroot.com/rolling-stones-best-films-of-2025-list-is-trash-heres-2000077926,,English,Amazon,AMZN,unknown,0.9
20251212T073000Z,Reddit files lawsuit against Australia social media ban – The Frontier Post,https://thefrontierpost.com/reddit-files-lawsuit-against-australias-social-media-ban/,,English,Alphabet,GOOGL,negative,0.9
20251212T054500Z,"Reddit sues Australia over social media ban , citing free speech threat",https://indianexpress.com/article/technology/reddit-sues-australia-over-social-media-ban-citing-free-speech-threat-10416371/,,English,Alphabet,GOOGL,unknown,0.9
20251212T033000Z,Reddit files lawsuit against Australia social media ban,https://www.thestar.com.my/tech/tech-news/2025/12/12/reddit-files-lawsuit-against-australia039s-social-media-ban,,English,Alphabet,GOOGL,negative,0.9
20251212T020000Z,Reddit files lawsuit against Australia social media ban,https://www.businesstimes.com.sg/companies-markets/telcos-media-tech/reddit-files-lawsuit-against-australias-social-media-ban,,English,Alphabet,GOOGL,negative,0.9
20251212T004500Z,Reddit files lawsuit against Australia youth social media ban,https://www.cbc.ca/news/world/reddit-lawsuit-austalia-social-media-ban-9.7012795,,English,Alphabet,GOOGL,negative,0.9
20251212T003000Z,Reddit files lawsuit against Australia social media ban,https://www.channelnewsasia.com/world/australia-social-media-ban-reddit-lawsuit-5577531,,English,Alphabet,GOOGL,negative,0.9
20251211T193000Z,FTSE 100 Live : London blue - chips pick up as Wall Street tech hit by Oracle AI worries,https://www.proactiveinvestors.co.uk/companies/news/1084210/ftse-100-live-london-blue-chips-pick-up-as-wall-street-tech-hit-by-oracle-ai-worries-1084210.html,,English,Alphabet,GOOGL,unknown,0.9
20251211T170000Z,AP Strange SummaryBrief at 7 : 19 a . m . EST,https://www.messenger-inquirer.com/ap/odd_news/ap-strange-summarybrief-at-7-19-a-m-est/article_9dd253c4-2d0b-5120-83d2-cd7244a04308.html,,English,Alphabet,GOOGL,unknown,0.9
20251211T144500Z,"FTSE 100 Live : London blue - chips flat , Wall Street hit by Oracle AI worries",https://www.proactiveinvestors.co.uk/companies/news/1084210/ftse-100-live-london-blue-chips-flat-wall-street-hit-by-oracle-ai-worries-1084210.html,,English,Alphabet,GOOGL,unknown,0.9
20251211T133000Z,AP Strange SummaryBrief at 7 : 19 a . m . EST,https://www.wdtimes.com/news/national/ap-strange-summarybrief-at-7-19-a-m-est/article_dc422f5d-67d2-5434-b174-c91e1dfd67e4.html,,English,Alphabet,GOOGL,unknown,0.9
20251211T094500Z,2 Artificial Intelligence Stocks That Could Help Make You a Fortune in 2026,https://finance.yahoo.com/news/2-artificial-intelligence-stocks-could-090500087.html,,English,Alphabet,GOOGL,unknown,0.9
20251211T074500Z,Final Results | Company Announcement,https://www.investegate.co.uk/announcement/rns/rws-holdings--rws/final-results/9289229,,English,Alphabet,GOOGL,unknown,0.9
20251211T014500Z,Woman Delivers While Riding in Self - Driving Robotaxi in San Francisco,https://redstate.com/wardclark/2025/12/10/born-autonomous-new-infant-hitches-first-ride-in-robo-taxi-n2197011,,English,Alphabet,GOOGL,unknown,0.9
20251210T154500Z,Alphabet CEO Warns AI Bubble Could Hit Every Company,https://iafrica.com/alphabet-ceo-warns-ai-bubble-could-hit-every-company/,,English,Alphabet,GOOGL,unknown,0.9
20251209T221500Z,"While You Were Sleeping : 5 stories you might have missed , Dec 10 , 2025",https://www.straitstimes.com/world/while-you-were-sleeping-5-stories-you-might-have-missed-dec-10-2025,,English,Alphabet,GOOGL,unknown,0.9
20251209T214500Z,Stocks mixed and bonds flatten after JOLTS jump ahead of FOMC - Newsquawk US Market Wrap,https://www.zerohedge.com/markets/stocks-mixed-and-bonds-flatten-after-jolts-jump-ahead-fomc-newsquawk-us-market-wrap,,English,Alphabet,GOOGL,unknown,0.9
20251209T203000Z,5 Reasons to Buy and Hold This Canadian Stock Forever,https://www.fool.ca/2025/12/09/5-reasons-to-buy-and-hold-this-canadian-stock-forever-5/,,English,Alphabet,GOOGL,unknown,0.9
20251209T200000Z,AppLovin ( APP ) Soars : AI - Powered Ad Tech Fuels Explosive Market Rally,https://markets.financialcontent.com/stocks/article/marketminute-2025-12-9-applovin-app-soars-ai-powered-ad-tech-fuels-explosive-market-rally,,English,Alphabet,GOOGL,unknown,0.9
20251209T190000Z,This High - Powered Energy Stock Expects to Deliver Supercharged Growth Through 2035,https://www.fool.com/investing/2025/12/09/this-high-powered-energy-stock-expects-to-deliver/?source=iedfolrf0000001,,English,Alphabet,GOOGL,unknown,0.9
20251209T180000Z,Top 10 Recent Ancient Discoveries Beneath Cities,https://listverse.com/2017/01/06/top-10-recent-ancient-discoveries-beneath-cities/,,English,Alphabet,GOOGL,unknown,0.9
20251209T014500Z,ICEBlock developer sues U . S . after DOJ demanded Apple remove app,https://www.cnbc.com/2025/12/08/iceblock-developer-sues-us-after-doj-demanded-apple-remove-app-.html,,English,Alphabet,GOOGL,unknown,0.9
20251209T003000Z,3 Reasons to Buy Nvidia Stock Like There No Tomorrow,https://www.fool.com/investing/2025/12/08/3-reasons-to-buy-nvidia-stock-like-theres-no-tomor/,,English,Alphabet,GOOGL,unknown,0.9
20251208T224500Z,Prediction : This Stock Market Bubble Will Burst in 2026 and 1 Popular Stock Will Crash ( Hint : Not Quantum Computing ) ,https://www.fool.com/investing/2025/12/08/prediction-this-stock-market-bubble-will-burst-in/?source=iedfolrf0000001,,English,Alphabet,GOOGL,unknown,0.9
20251208T223000Z,CIBC Mokhtari on why markets are set for a year - end rally and the stocks he most bullish on,https://www.theglobeandmail.com/investing/markets/inside-the-market/article-cibcs-mokhtari-on-why-markets-are-set-for-a-year-end-rally-and-the/,,English,Alphabet,GOOGL,unknown,0.9
20251208T223000Z,Prediction : This Stock Market Bubble Will Burst in 2026 and 1 Popular Stock Will Crash ( Hint : Not Quantum Computing ) ,https://www.fool.com/investing/2025/12/08/prediction-this-stock-market-bubble-will-burst-in/,,English,Alphabet,GOOGL,unknown,0.9
20251208T214500Z,Prediction : This Stock Market Bubble Will Burst in 2026 and 1 Popular Stock Will Crash ( Hint : Not Quantum Computing ) ,https://finance.yahoo.com/news/prediction-stock-market-bubble-burst-202500013.html,,English,Alphabet,GOOGL,unknown,0.9
20251208T183000Z,Could AI Driven Materials Discovery Be The Next Big Investment Boom ? ,https://www.forbes.com/sites/gauravsharma/2025/12/08/could-ai-driven-materials-discovery-be-the-next-big-investment-boom/,,English,Alphabet,GOOGL,unknown,0.9
20251208T181500Z,NextEra working with Exxon to develop gigawatt data center for hyperscaler,https://www.cnbc.com/2025/12/08/nextera-exxon-develop-gigawatt-data-center-for-hyperscaler.html,,English,Alphabet,GOOGL,unknown,0.9
20251208T110000Z,Google raises AI stakes as OpenAI struggles to stay on top – DW – 12 / 08 / 2025,https://www.dw.com/en/google-raises-ai-stakes-as-openai-struggles-to-stay-on-top/a-75035755,,English,Alphabet,GOOGL,unknown,0.9
20251208T093000Z,  OpenAI Stock Influence Wanes Amid Rising AI Risks  ,https://www.el-balad.com/6788779,,English,Alphabet,GOOGL,unknown,0.9
20251208T081500Z,OpenAI Stock Market Influence Wanes Amid Growing AI Risks,https://www.el-balad.com/6788751,,English,Alphabet,GOOGL,unknown,0.9
20251208T071500Z,List of 7 Animals that Start with the Letter A,https://www.jagranjosh.com/general-knowledge/list-of-animal-that-start-with-a-1820004709-1,,English,Alphabet,GOOGL,unknown,0.9
20251207T221500Z,The Rise of AI Reasoning Models Comes With a Big Energy Tradeoff - Governor Wind Energy Coalition,https://governorswindenergycoalition.org/the-rise-of-ai-reasoning-models-comes-with-a-big-energy-tradeoff/,,English,Alphabet,GOOGL,positive,0.9
20251207T204500Z,10 Energy Stocks to Buy Right Now | The Motley Fool,https://www.fool.com/investing/2025/12/07/10-energy-stocks-to-buy-right-now/?source=iedfolrf0000001,,English,Alphabet,GOOGL,unknown,0.9
20251207T111500Z,"Warner Bros , Netflix Deal Turns Spotlight On Media Titans",https://www.deccanchronicle.com/entertainment/hollywood/here-is-a-snapshot-of-how-major-media-companies-are-performing-in-a-tough-industry-1922270,,English,Alphabet,GOOGL,unknown,0.9
20251205T141500Z,This AI Cloud Specialist Is Poised for a Decade of Explosive Growth,https://www.fool.com/investing/2025/12/05/this-ai-cloud-specialist-is-poised-for-a-decade-of/?source=iedfolrf0000001,,English,Alphabet,GOOGL,unknown,0.9
20251205T141500Z,High - Yield Brookfield Renewable Is Building the Real Backbone of the AI Revolution,https://www.fool.com/investing/2025/12/05/high-yield-brookfield-renewable-is-building-the/?source=iedfolrf0000001,,English,Alphabet,GOOGL,positive,0.9
20251205T114500Z,Woodland whispers trail in Leap | Southern Star,https://www.southernstar.ie/life/woodland-whispers-trail-in-leap-4348728,,English,Alphabet,GOOGL,unknown,0.9
20251205T111500Z,Google year in search : How India leveraged AI to search for information,https://www.adgully.com/post/9820/googles-year-in-search-how-india-leveraged-ai-to-search-for-information,,English,Alphabet,GOOGL,unknown,0.9
